Nom,Jornada,Equip,Minuts,Punts,T2 Anot,T2 Fets,% T2,T3 Anot,T3 Fets,% T3,T1 Anot,T1 Fets,% T1,Reb. Ofensius,Reb. Defensius,Rebots,Assist,Recuperacions,Perd,Taps,Taps Rebuts,Mates,Faltes Comeses,Faltes Rebudes,Val,Local,Visitant,Resultat,Diferencia,Titular
b'ABEL PEREZ MONCADA',Jornada 01,[0.0],22.0,0.0,0.0,5.0,0.0,0.0,0.0,0.0,0.0,0.0,0.0,0.0,0.0,0.0,0.0,0.0,0.0,0.0,0.0,0.0,1.0,0.0,0.0,A.E.S.E. A,U.E. CLARET A,False,-6.0,False
b'ADRI NACENTA CENDRAS',Jornada 02,[0.5],3.0,2.0,1.0,1.0,1.0,0.0,1.0,0.0,0.0,1.0,0.0,0.0,0.0,0.0,0.0,0.0,0.0,0.0,0.0,0.0,2.0,0.0,0.0,MARISTES ADEMAR,UE MATARO  TC,False,-18.0,False
b'ADRI ORDOBS BENGADO',Jornada 01,[0.67],15.0,3.0,0.0,1.0,0.0,1.0,2.0,0.5,0.0,0.0,0.0,0.0,0.0,0.0,0.0,0.0,0.0,0.0,0.0,0.0,2.0,0.0,0.0,AEC COLLBLANC - ITACA,TEMPLE - U.E. HORTA A,False,-8.0,False
b'ADRI ORDOBS BENGADO',Jornada 02,[1.0],15.0,0.0,0.0,0.0,0.0,0.0,2.0,0.0,0.0,0.0,0.0,0.0,0.0,0.0,0.0,0.0,0.0,0.0,0.0,0.0,3.0,0.0,0.0,TEMPLE - U.E. HORTA A,UE.MONTGAT - A,False,-30.0,False
b'ADRIA MONTERDE REVERTE',Jornada 01,[0.0],9.0,4.0,1.0,2.0,0.5,0.0,0.0,0.0,2.0,2.0,1.0,0.0,0.0,0.0,0.0,0.0,0.0,0.0,0.0,0.0,0.0,0.0,0.0,UE.MONTGAT - A,CB BESCANO,True,8.0,False
b'ADRIA MONTERDE REVERTE',Jornada 02,[0.17],16.0,9.0,4.0,5.0,0.8,0.0,1.0,0.0,1.0,2.0,0.5,0.0,0.0,0.0,0.0,0.0,0.0,0.0,0.0,0.0,0.0,0.0,0.0,TEMPLE - U.E. HORTA A,UE.MONTGAT - A,True,30.0,False
b'ADRIA RIVAS POMEROL',Jornada 01,[0.33],28.0,6.0,3.0,4.0,0.75,0.0,2.0,0.0,0.0,0.0,0.0,0.0,0.0,0.0,0.0,0.0,0.0,0.0,0.0,0.0,2.0,0.0,0.0,JAC SANTS BARCELONA -CASMAR,MARISTES ADEMAR,False,-15.0,False
b'ADRIA RIVAS POMEROL',Jornada 02,[0.25],23.0,2.0,0.0,3.0,0.0,0.0,1.0,0.0,2.0,4.0,0.5,0.0,0.0,0.0,0.0,0.0,0.0,0.0,0.0,0.0,2.0,0.0,0.0,MARISTES ADEMAR,UE MATARO  TC,True,18.0,False
b'ADRIA SANCHEZ ALONSO',Jornada 02,[0.0],19.0,2.0,1.0,6.0,0.17,0.0,0.0,0.0,0.0,0.0,0.0,0.0,0.0,0.0,0.0,0.0,0.0,0.0,0.0,0.0,3.0,0.0,0.0,CLUB BASQUET CIUTAT VELLA,C.B. SANTA COLOMA A,False,-13.0,False
b'ADRIAN CARRACEDO DE LA ROSA',Jornada 01,[0.67],14.0,1.0,0.0,1.0,0.0,0.0,2.0,0.0,1.0,2.0,0.5,0.0,0.0,0.0,0.0,0.0,0.0,0.0,0.0,0.0,2.0,0.0,0.0,U.E. CLARET A,AE MINGUELLA A-DRIVIM,False,-14.0,False
b'ADRIAN CARRACEDO DE LA ROSA',Jornada 02,[1.0],3.0,0.0,0.0,0.0,0.0,0.0,1.0,0.0,0.0,0.0,0.0,0.0,0.0,0.0,0.0,0.0,0.0,0.0,0.0,0.0,1.0,0.0,0.0,AE MINGUELLA A-DRIVIM,CBU LLORET SAMBA HOTELS A,True,5.0,False
b'ALBERT AUGE SERRANO',Jornada 01,[0.33],16.0,7.0,2.0,4.0,0.5,1.0,2.0,0.5,0.0,0.0,0.0,0.0,0.0,0.0,0.0,0.0,0.0,0.0,0.0,0.0,2.0,0.0,0.0,EL MASNOU BASQUETBOL,AEC COLLBLANC - ITACA,False,-31.0,False
b'ALBERT NAVARRO DUEAS',Jornada 01,[0.0],7.0,0.0,0.0,1.0,0.0,0.0,0.0,0.0,0.0,0.0,0.0,0.0,0.0,0.0,0.0,0.0,0.0,0.0,0.0,0.0,0.0,0.0,0.0,U.E. CLARET A,AE MINGUELLA A-DRIVIM,False,-14.0,False
b'ALBERT NAVARRO DUEAS',Jornada 02,[0.6],28.0,6.0,0.0,2.0,0.0,1.0,3.0,0.33,3.0,3.0,1.0,0.0,0.0,0.0,0.0,0.0,0.0,0.0,0.0,0.0,1.0,0.0,0.0,AE MINGUELLA A-DRIVIM,CBU LLORET SAMBA HOTELS A,True,5.0,False
b'ALBERT PUJOLRS BORRUT',Jornada 01,[0.0],11.0,4.0,1.0,3.0,0.33,0.0,0.0,0.0,2.0,2.0,1.0,0.0,0.0,0.0,0.0,0.0,0.0,0.0,0.0,0.0,3.0,0.0,0.0,UE.MONTGAT - A,CB BESCANO,False,-8.0,False
b'ALBERT PUJOLRS BORRUT',Jornada 02,[0.0],4.0,2.0,1.0,1.0,1.0,0.0,0.0,0.0,0.0,0.0,0.0,0.0,0.0,0.0,0.0,0.0,0.0,0.0,0.0,0.0,1.0,0.0,0.0,CB BESCANO,JAC SANTS BARCELONA -CASMAR,False,-2.0,False
b'ALBERT VILLALAIN SANZ',Jornada 01,[0.0],27.0,10.0,3.0,4.0,0.75,0.0,0.0,0.0,4.0,4.0,1.0,0.0,0.0,0.0,0.0,0.0,0.0,0.0,0.0,0.0,2.0,0.0,0.0,AEC COLLBLANC - ITACA,TEMPLE - U.E. HORTA A,False,-8.0,False
b'ALBERT VILLALAIN SANZ',Jornada 02,[0.33],22.0,3.0,0.0,2.0,0.0,0.0,1.0,0.0,3.0,6.0,0.5,0.0,0.0,0.0,0.0,0.0,0.0,0.0,0.0,0.0,0.0,0.0,0.0,TEMPLE - U.E. HORTA A,UE.MONTGAT - A,False,-30.0,False
b'ALEJANDRO BOADA DURN',Jornada 02,[0.31],31.0,12.0,4.0,9.0,0.44,1.0,4.0,0.25,1.0,2.0,0.5,0.0,0.0,0.0,0.0,0.0,0.0,0.0,0.0,0.0,4.0,0.0,0.0,MARISTES ADEMAR,UE MATARO  TC,False,-18.0,False
b'ALEX FERNANDEZ PLAZA',Jornada 01,[0.56],20.0,10.0,1.0,4.0,0.25,2.0,5.0,0.4,2.0,2.0,1.0,0.0,0.0,0.0,0.0,0.0,0.0,0.0,0.0,0.0,1.0,0.0,0.0,UE.MONTGAT - A,CB BESCANO,True,8.0,False
b'ALEX LOPEZ ALVES',Jornada 02,[0.2],22.0,10.0,3.0,8.0,0.38,1.0,2.0,0.5,1.0,5.0,0.2,0.0,0.0,0.0,0.0,0.0,0.0,0.0,0.0,0.0,1.0,0.0,0.0,CLUB BASQUET CIUTAT VELLA,C.B. SANTA COLOMA A,False,-13.0,False
b'ALEX MARTN ADELANTADO',Jornada 01,[0.75],17.0,5.0,1.0,1.0,1.0,1.0,3.0,0.33,0.0,0.0,0.0,0.0,0.0,0.0,0.0,0.0,0.0,0.0,0.0,0.0,1.0,0.0,0.0,JAC SANTS BARCELONA -CASMAR,MARISTES ADEMAR,True,15.0,False
b'ALEX MARTN ADELANTADO',Jornada 02,[0.8],10.0,7.0,0.0,1.0,0.0,2.0,4.0,0.5,1.0,2.0,0.5,0.0,0.0,0.0,0.0,0.0,0.0,0.0,0.0,0.0,2.0,0.0,0.0,CB BESCANO,JAC SANTS BARCELONA -CASMAR,True,2.0,False
b'ALEX PALLEJA NOVO',Jornada 01,[0.5],9.0,0.0,0.0,2.0,0.0,0.0,2.0,0.0,0.0,0.0,0.0,0.0,0.0,0.0,0.0,0.0,0.0,0.0,0.0,0.0,2.0,0.0,0.0,EL MASNOU BASQUETBOL,AEC COLLBLANC - ITACA,False,-31.0,False
b'ALEX PALLEJA NOVO',Jornada 01,[1.0],7.0,0.0,0.0,0.0,0.0,0.0,1.0,0.0,0.0,0.0,0.0,0.0,0.0,0.0,0.0,0.0,0.0,0.0,0.0,0.0,1.0,0.0,0.0,AEC COLLBLANC - ITACA,TEMPLE - U.E. HORTA A,True,8.0,False
b'ALFONS OLEART CANALS',Jornada 01,[0.45],30.0,8.0,3.0,6.0,0.5,0.0,5.0,0.0,2.0,2.0,1.0,0.0,0.0,0.0,0.0,0.0,0.0,0.0,0.0,0.0,2.0,0.0,0.0,UE.MONTGAT - A,CB BESCANO,True,8.0,False
b'ALFONS OLEART CANALS',Jornada 02,[0.2],21.0,8.0,4.0,8.0,0.5,0.0,2.0,0.0,0.0,1.0,0.0,0.0,0.0,0.0,0.0,0.0,0.0,0.0,0.0,0.0,1.0,0.0,0.0,TEMPLE - U.E. HORTA A,UE.MONTGAT - A,True,30.0,False
b'AMER MOHAMED',Jornada 01,[0.17],24.0,7.0,2.0,5.0,0.4,0.0,1.0,0.0,3.0,4.0,0.75,0.0,0.0,0.0,0.0,0.0,0.0,0.0,0.0,0.0,3.0,0.0,0.0,CBU LLORET SAMBA HOTELS A,EL MASNOU BASQUETBOL,False,-10.0,False
b'AMER MOHAMED',Jornada 02,[0.12],27.0,11.0,4.0,7.0,0.57,0.0,1.0,0.0,3.0,4.0,0.75,0.0,0.0,0.0,0.0,0.0,0.0,0.0,0.0,0.0,3.0,0.0,0.0,AE MINGUELLA A-DRIVIM,CBU LLORET SAMBA HOTELS A,False,-5.0,False
b'ANIOL QUINTANA TORAN',Jornada 01,[0.75],28.0,8.0,1.0,2.0,0.5,2.0,6.0,0.33,0.0,0.0,0.0,0.0,0.0,0.0,0.0,0.0,0.0,0.0,0.0,0.0,2.0,0.0,0.0,UE.MONTGAT - A,CB BESCANO,False,-8.0,False
b'ANIOL QUINTANA TORAN',Jornada 02,[0.5],28.0,14.0,3.0,5.0,0.6,2.0,5.0,0.4,2.0,2.0,1.0,0.0,0.0,0.0,0.0,0.0,0.0,0.0,0.0,0.0,1.0,0.0,0.0,CB BESCANO,JAC SANTS BARCELONA -CASMAR,False,-2.0,False
b'ARITZ TOMAS LARRION',Jornada 01,[0.71],21.0,9.0,0.0,2.0,0.0,2.0,5.0,0.4,3.0,4.0,0.75,0.0,0.0,0.0,0.0,0.0,0.0,0.0,0.0,0.0,0.0,0.0,0.0,JAC SANTS BARCELONA -CASMAR,MARISTES ADEMAR,False,-15.0,False
b'ARITZ TOMAS LARRION',Jornada 02,[0.8],12.0,6.0,0.0,1.0,0.0,2.0,4.0,0.5,0.0,0.0,0.0,0.0,0.0,0.0,0.0,0.0,0.0,0.0,0.0,0.0,4.0,0.0,0.0,MARISTES ADEMAR,UE MATARO  TC,True,18.0,False
b'ARMAK KARIMI GONZALEZ',Jornada 01,[0.14],23.0,13.0,5.0,6.0,0.83,1.0,1.0,1.0,0.0,2.0,0.0,0.0,0.0,0.0,0.0,0.0,0.0,0.0,0.0,0.0,2.0,0.0,0.0,U.E. CLARET A,AE MINGUELLA A-DRIVIM,True,14.0,False
b'ARMAK KARIMI GONZALEZ',Jornada 01,[0.0],22.0,9.0,3.0,6.0,0.5,0.0,0.0,0.0,3.0,6.0,0.5,0.0,0.0,0.0,0.0,0.0,0.0,0.0,0.0,0.0,0.0,0.0,0.0,A.E.S.E. A,U.E. CLARET A,True,6.0,False
b'ARNAU ABELLO GIRVES',Jornada 02,[0.11],20.0,10.0,5.0,8.0,0.62,0.0,1.0,0.0,0.0,2.0,0.0,0.0,0.0,0.0,0.0,0.0,0.0,0.0,0.0,0.0,2.0,0.0,0.0,CLUB BASQUET CIUTAT VELLA,C.B. SANTA COLOMA A,True,13.0,False
b'ARNAU MANUBENS ESTADELLA',Jornada 02,[0.0],4.0,0.0,0.0,0.0,0.0,0.0,0.0,0.0,0.0,0.0,0.0,0.0,0.0,0.0,0.0,0.0,0.0,0.0,0.0,0.0,1.0,0.0,0.0,CLUB BASQUET CIUTAT VELLA,C.B. SANTA COLOMA A,False,-13.0,False
b'ARNAU VILARO MARTINEZ',Jornada 01,[0.25],33.0,11.0,4.0,9.0,0.44,1.0,3.0,0.33,0.0,0.0,0.0,0.0,0.0,0.0,0.0,0.0,0.0,0.0,0.0,0.0,0.0,0.0,0.0,UE.MONTGAT - A,CB BESCANO,False,-8.0,False
b'ARNAU VILARO MARTINEZ',Jornada 02,[0.29],20.0,12.0,3.0,5.0,0.6,2.0,2.0,1.0,0.0,0.0,0.0,0.0,0.0,0.0,0.0,0.0,0.0,0.0,0.0,0.0,2.0,0.0,0.0,CB BESCANO,JAC SANTS BARCELONA -CASMAR,False,-2.0,False
b'BERNAT PARS VILASECA',Jornada 01,[0.6],19.0,5.0,1.0,2.0,0.5,1.0,3.0,0.33,0.0,0.0,0.0,0.0,0.0,0.0,0.0,0.0,0.0,0.0,0.0,0.0,3.0,0.0,0.0,JAC SANTS BARCELONA -CASMAR,MARISTES ADEMAR,True,15.0,False
b'BERNAT PARS VILASECA',Jornada 02,[0.0],11.0,3.0,1.0,3.0,0.33,0.0,0.0,0.0,1.0,2.0,0.5,0.0,0.0,0.0,0.0,0.0,0.0,0.0,0.0,0.0,1.0,0.0,0.0,CB BESCANO,JAC SANTS BARCELONA -CASMAR,True,2.0,False
b'BERNAT PONS CASADEMONT',Jornada 01,[0.6],21.0,5.0,1.0,2.0,0.5,1.0,3.0,0.33,0.0,0.0,0.0,0.0,0.0,0.0,0.0,0.0,0.0,0.0,0.0,0.0,1.0,0.0,0.0,UE.MONTGAT - A,CB BESCANO,False,-8.0,False
b'BERNAT PONS CASADEMONT',Jornada 02,[0.75],19.0,3.0,0.0,1.0,0.0,1.0,3.0,0.33,0.0,0.0,0.0,0.0,0.0,0.0,0.0,0.0,0.0,0.0,0.0,0.0,2.0,0.0,0.0,CB BESCANO,JAC SANTS BARCELONA -CASMAR,False,-2.0,False
b'BERNAT-MARIA MARTINEZ ZAMORA',Jornada 01,[0.27],29.0,12.0,3.0,8.0,0.38,0.0,3.0,0.0,6.0,9.0,0.67,0.0,0.0,0.0,0.0,0.0,0.0,0.0,0.0,0.0,3.0,0.0,0.0,A.E.S.E. A,U.E. CLARET A,False,-6.0,False
b'BIEL MART CAMPOS',Jornada 02,[0.0],24.0,8.0,3.0,7.0,0.43,0.0,0.0,0.0,2.0,4.0,0.5,0.0,0.0,0.0,0.0,0.0,0.0,0.0,0.0,0.0,2.0,0.0,0.0,MARISTES ADEMAR,UE MATARO  TC,False,-18.0,False
b'CARLES BUJ MONTSERRAT',Jornada 01,[0.6],18.0,3.0,0.0,2.0,0.0,1.0,3.0,0.33,0.0,0.0,0.0,0.0,0.0,0.0,0.0,0.0,0.0,0.0,0.0,0.0,2.0,0.0,0.0,JAC SANTS BARCELONA -CASMAR,MARISTES ADEMAR,False,-15.0,False
b'CARLES BUJ MONTSERRAT',Jornada 02,[0.5],18.0,6.0,1.0,2.0,0.5,1.0,2.0,0.5,1.0,2.0,0.5,0.0,0.0,0.0,0.0,0.0,0.0,0.0,0.0,0.0,3.0,0.0,0.0,MARISTES ADEMAR,UE MATARO  TC,True,18.0,False
b'CARLES RIB VILALLONGA',Jornada 01,[0.57],26.0,5.0,1.0,3.0,0.33,1.0,4.0,0.25,0.0,0.0,0.0,0.0,0.0,0.0,0.0,0.0,0.0,0.0,0.0,0.0,2.0,0.0,0.0,JAC SANTS BARCELONA -CASMAR,MARISTES ADEMAR,True,15.0,False
b'CARLES RIB VILALLONGA',Jornada 02,[0.8],28.0,5.0,0.0,1.0,0.0,1.0,4.0,0.25,2.0,3.0,0.67,0.0,0.0,0.0,0.0,0.0,0.0,0.0,0.0,0.0,2.0,0.0,0.0,CB BESCANO,JAC SANTS BARCELONA -CASMAR,True,2.0,False
b'CARLOS LORENTE TRIVIO',Jornada 01,[0.8],16.0,2.0,1.0,1.0,1.0,0.0,4.0,0.0,0.0,0.0,0.0,0.0,0.0,0.0,0.0,0.0,0.0,0.0,0.0,0.0,0.0,0.0,0.0,CBU LLORET SAMBA HOTELS A,EL MASNOU BASQUETBOL,True,10.0,False
b'CARLOS LORENTE TRIVIO',Jornada 01,[0.45],19.0,14.0,4.0,6.0,0.67,2.0,5.0,0.4,0.0,0.0,0.0,0.0,0.0,0.0,0.0,0.0,0.0,0.0,0.0,0.0,1.0,0.0,0.0,EL MASNOU BASQUETBOL,AEC COLLBLANC - ITACA,True,31.0,False
b'CARLOS SANCHEZ VELAZQUEZ',Jornada 01,[0.57],17.0,2.0,1.0,3.0,0.33,0.0,4.0,0.0,0.0,0.0,0.0,0.0,0.0,0.0,0.0,0.0,0.0,0.0,0.0,0.0,1.0,0.0,0.0,JAC SANTS BARCELONA -CASMAR,MARISTES ADEMAR,False,-15.0,False
b'CARLOS SANCHEZ VELAZQUEZ',Jornada 02,[0.67],17.0,2.0,0.0,1.0,0.0,0.0,2.0,0.0,2.0,2.0,1.0,0.0,0.0,0.0,0.0,0.0,0.0,0.0,0.0,0.0,1.0,0.0,0.0,MARISTES ADEMAR,UE MATARO  TC,True,18.0,False
b'CESAR ARENAS PUIGDEVALL',Jornada 01,[1.0],18.0,4.0,0.0,0.0,0.0,1.0,5.0,0.2,1.0,1.0,1.0,0.0,0.0,0.0,0.0,0.0,0.0,0.0,0.0,0.0,1.0,0.0,0.0,AEC COLLBLANC - ITACA,TEMPLE - U.E. HORTA A,False,-8.0,False
b'CESAR ARENAS PUIGDEVALL',Jornada 02,[0.86],23.0,3.0,0.0,1.0,0.0,1.0,6.0,0.17,0.0,2.0,0.0,0.0,0.0,0.0,0.0,0.0,0.0,0.0,0.0,0.0,4.0,0.0,0.0,TEMPLE - U.E. HORTA A,UE.MONTGAT - A,False,-30.0,False
b'CESAR GMEZ ORELLANA',Jornada 02,[0.67],24.0,3.0,0.0,1.0,0.0,1.0,2.0,0.5,0.0,0.0,0.0,0.0,0.0,0.0,0.0,0.0,0.0,0.0,0.0,0.0,1.0,0.0,0.0,CLUB BASQUET CIUTAT VELLA,C.B. SANTA COLOMA A,False,-13.0,False
b'DANIEL GONZLEZ SAINZ-EZQUERRA',Jornada 02,[0.0],14.0,0.0,0.0,0.0,0.0,0.0,0.0,0.0,0.0,0.0,0.0,0.0,0.0,0.0,0.0,0.0,0.0,0.0,0.0,0.0,1.0,0.0,0.0,MARISTES ADEMAR,UE MATARO  TC,False,-18.0,False
b'DANIEL NUEZ MARQUEZ',Jornada 01,[0.89],24.0,9.0,0.0,1.0,0.0,3.0,8.0,0.38,0.0,0.0,0.0,0.0,0.0,0.0,0.0,0.0,0.0,0.0,0.0,0.0,2.0,0.0,0.0,A.E.S.E. A,U.E. CLARET A,False,-6.0,False
b'DAREK LVAREZ GONZLEZ',Jornada 02,[0.0],9.0,2.0,1.0,3.0,0.33,0.0,0.0,0.0,0.0,0.0,0.0,0.0,0.0,0.0,0.0,0.0,0.0,0.0,0.0,0.0,2.0,0.0,0.0,MARISTES ADEMAR,UE MATARO  TC,False,-18.0,False
b'DAVID LOPEZ LOPEZ',Jornada 01,[0.0],16.0,4.0,2.0,3.0,0.67,0.0,0.0,0.0,0.0,0.0,0.0,0.0,0.0,0.0,0.0,0.0,0.0,0.0,0.0,0.0,3.0,0.0,0.0,A.E.S.E. A,U.E. CLARET A,False,-6.0,False
b'DAVID MARTINEZ GUTIERREZ',Jornada 01,[0.67],21.0,14.0,3.0,4.0,0.75,2.0,8.0,0.25,2.0,2.0,1.0,0.0,0.0,0.0,0.0,0.0,0.0,0.0,0.0,0.0,2.0,0.0,0.0,U.E. CLARET A,AE MINGUELLA A-DRIVIM,False,-14.0,False
b'DAVID MARTINEZ GUTIERREZ',Jornada 02,[0.6],15.0,3.0,0.0,2.0,0.0,1.0,3.0,0.33,0.0,0.0,0.0,0.0,0.0,0.0,0.0,0.0,0.0,0.0,0.0,0.0,0.0,0.0,0.0,AE MINGUELLA A-DRIVIM,CBU LLORET SAMBA HOTELS A,True,5.0,False
b'DAVID RIBO PEDRAGOSA',Jornada 01,[0.33],25.0,14.0,4.0,8.0,0.5,1.0,4.0,0.25,3.0,6.0,0.5,0.0,0.0,0.0,0.0,0.0,0.0,0.0,0.0,0.0,3.0,0.0,0.0,U.E. CLARET A,AE MINGUELLA A-DRIVIM,False,-14.0,False
b'DAVID RIBO PEDRAGOSA',Jornada 02,[0.0],13.0,3.0,1.0,4.0,0.25,0.0,0.0,0.0,1.0,1.0,1.0,0.0,0.0,0.0,0.0,0.0,0.0,0.0,0.0,0.0,2.0,0.0,0.0,AE MINGUELLA A-DRIVIM,CBU LLORET SAMBA HOTELS A,True,5.0,False
b'DIDAC DE LA TORRE PONCE',Jornada 01,[0.5],24.0,11.0,3.0,6.0,0.5,1.0,6.0,0.17,2.0,2.0,1.0,0.0,0.0,0.0,0.0,0.0,0.0,0.0,0.0,0.0,4.0,0.0,0.0,CBU LLORET SAMBA HOTELS A,EL MASNOU BASQUETBOL,True,10.0,False
b'DIDAC DE LA TORRE PONCE',Jornada 01,[0.67],20.0,7.0,1.0,3.0,0.33,1.0,6.0,0.17,2.0,2.0,1.0,0.0,0.0,0.0,0.0,0.0,0.0,0.0,0.0,0.0,1.0,0.0,0.0,EL MASNOU BASQUETBOL,AEC COLLBLANC - ITACA,True,31.0,False
b'EDUARD CESARI BURCH',Jornada 02,[0.67],19.0,3.0,1.0,1.0,1.0,0.0,2.0,0.0,1.0,2.0,0.5,0.0,0.0,0.0,0.0,0.0,0.0,0.0,0.0,0.0,2.0,0.0,0.0,CLUB BASQUET CIUTAT VELLA,C.B. SANTA COLOMA A,True,13.0,False
b'EDUARD FRANCISCO VEGA',Jornada 01,[1.0],14.0,0.0,0.0,0.0,0.0,0.0,1.0,0.0,0.0,0.0,0.0,0.0,0.0,0.0,0.0,0.0,0.0,0.0,0.0,0.0,3.0,0.0,0.0,EL MASNOU BASQUETBOL,AEC COLLBLANC - ITACA,True,31.0,False
b'EDUARD FRANCISCO VEGA',Jornada 01,[0.75],14.0,9.0,0.0,1.0,0.0,3.0,3.0,1.0,0.0,0.0,0.0,0.0,0.0,0.0,0.0,0.0,0.0,0.0,0.0,0.0,5.0,0.0,0.0,CBU LLORET SAMBA HOTELS A,EL MASNOU BASQUETBOL,True,10.0,False
b'EDUARD REAL LOPEZ',Jornada 01,[0.17],22.0,8.0,2.0,5.0,0.4,0.0,1.0,0.0,4.0,4.0,1.0,0.0,0.0,0.0,0.0,0.0,0.0,0.0,0.0,0.0,5.0,0.0,0.0,A.E.S.E. A,U.E. CLARET A,False,-6.0,False
b'EMILI BELLOT PULIDO',Jornada 02,[0.4],19.0,2.0,1.0,3.0,0.33,0.0,2.0,0.0,0.0,2.0,0.0,0.0,0.0,0.0,0.0,0.0,0.0,0.0,0.0,0.0,3.0,0.0,0.0,MARISTES ADEMAR,UE MATARO  TC,False,-18.0,False
b'ENRIC CURTO SABATER',Jornada 01,[1.0],11.0,0.0,0.0,0.0,0.0,0.0,2.0,0.0,0.0,0.0,0.0,0.0,0.0,0.0,0.0,0.0,0.0,0.0,0.0,0.0,2.0,0.0,0.0,U.E. CLARET A,AE MINGUELLA A-DRIVIM,False,-14.0,False
b'ENRIC CURTO SABATER',Jornada 02,[0.69],25.0,16.0,3.0,4.0,0.75,3.0,9.0,0.33,1.0,2.0,0.5,0.0,0.0,0.0,0.0,0.0,0.0,0.0,0.0,0.0,2.0,0.0,0.0,AE MINGUELLA A-DRIVIM,CBU LLORET SAMBA HOTELS A,True,5.0,False
b'ENRIC GRACIA LOPEZ',Jornada 01,[0.33],26.0,0.0,0.0,4.0,0.0,0.0,2.0,0.0,0.0,0.0,0.0,0.0,0.0,0.0,0.0,0.0,0.0,0.0,0.0,0.0,3.0,0.0,0.0,U.E. CLARET A,AE MINGUELLA A-DRIVIM,True,14.0,False
b'ENRIC GRACIA LOPEZ',Jornada 01,[0.2],26.0,6.0,3.0,8.0,0.38,0.0,2.0,0.0,0.0,1.0,0.0,0.0,0.0,0.0,0.0,0.0,0.0,0.0,0.0,0.0,4.0,0.0,0.0,A.E.S.E. A,U.E. CLARET A,True,6.0,False
b'ERIC BALAGUE BOSCA',Jornada 02,[0.7],21.0,17.0,3.0,3.0,1.0,2.0,7.0,0.29,5.0,7.0,0.71,0.0,0.0,0.0,0.0,0.0,0.0,0.0,0.0,0.0,1.0,0.0,0.0,TEMPLE - U.E. HORTA A,UE.MONTGAT - A,True,30.0,False
b'FERRAN ARQUES LOPEZ',Jornada 02,[0.24],28.0,20.0,8.0,16.0,0.5,1.0,5.0,0.2,1.0,3.0,0.33,0.0,0.0,0.0,0.0,0.0,0.0,0.0,0.0,0.0,2.0,0.0,0.0,CLUB BASQUET CIUTAT VELLA,C.B. SANTA COLOMA A,False,-13.0,False
b'FRANCESC AUSIO NAVARRO',Jornada 01,[0.0],16.0,2.0,1.0,3.0,0.33,0.0,0.0,0.0,0.0,0.0,0.0,0.0,0.0,0.0,0.0,0.0,0.0,0.0,0.0,0.0,1.0,0.0,0.0,AEC COLLBLANC - ITACA,TEMPLE - U.E. HORTA A,True,8.0,False
b'FRANCESC AUSIO NAVARRO',Jornada 01,[0.0],18.0,5.0,2.0,7.0,0.29,0.0,0.0,0.0,1.0,1.0,1.0,0.0,0.0,0.0,0.0,0.0,0.0,0.0,0.0,0.0,1.0,0.0,0.0,EL MASNOU BASQUETBOL,AEC COLLBLANC - ITACA,False,-31.0,False
b'FRANCESC XAVIER VIEJO ANDREU',Jornada 01,[0.42],27.0,9.0,4.0,7.0,0.57,0.0,5.0,0.0,1.0,3.0,0.33,0.0,0.0,0.0,0.0,0.0,0.0,0.0,0.0,0.0,3.0,0.0,0.0,CBU LLORET SAMBA HOTELS A,EL MASNOU BASQUETBOL,True,10.0,False
b'FRANCESC XAVIER VIEJO ANDREU',Jornada 01,[0.4],23.0,11.0,4.0,6.0,0.67,0.0,4.0,0.0,3.0,4.0,0.75,0.0,0.0,0.0,0.0,0.0,0.0,0.0,0.0,0.0,0.0,0.0,0.0,EL MASNOU BASQUETBOL,AEC COLLBLANC - ITACA,True,31.0,False
b'FRANCIS GALLARDO RODRIGUEZ',Jornada 01,[0.55],31.0,16.0,2.0,5.0,0.4,4.0,6.0,0.67,0.0,0.0,0.0,0.0,0.0,0.0,0.0,0.0,0.0,0.0,0.0,0.0,4.0,0.0,0.0,UE.MONTGAT - A,CB BESCANO,False,-8.0,False
b'FRANCIS GALLARDO RODRIGUEZ',Jornada 02,[1.0],22.0,3.0,0.0,0.0,0.0,1.0,3.0,0.33,0.0,0.0,0.0,0.0,0.0,0.0,0.0,0.0,0.0,0.0,0.0,0.0,1.0,0.0,0.0,CB BESCANO,JAC SANTS BARCELONA -CASMAR,False,-2.0,False
b'GENIS AVILES PERIS',Jornada 01,[0.0],18.0,15.0,6.0,9.0,0.67,0.0,0.0,0.0,3.0,4.0,0.75,0.0,0.0,0.0,0.0,0.0,0.0,0.0,0.0,0.0,3.0,0.0,0.0,UE.MONTGAT - A,CB BESCANO,False,-8.0,False
b'GENIS AVILES PERIS',Jornada 02,[0.33],19.0,2.0,0.0,2.0,0.0,0.0,1.0,0.0,2.0,4.0,0.5,0.0,0.0,0.0,0.0,0.0,0.0,0.0,0.0,0.0,4.0,0.0,0.0,CB BESCANO,JAC SANTS BARCELONA -CASMAR,False,-2.0,False
b'GERARD DIAZ VIDAL',Jornada 01,[0.0],15.0,2.0,1.0,2.0,0.5,0.0,0.0,0.0,0.0,0.0,0.0,0.0,0.0,0.0,0.0,0.0,0.0,0.0,0.0,0.0,2.0,0.0,0.0,EL MASNOU BASQUETBOL,AEC COLLBLANC - ITACA,False,-31.0,False
b'GERARD DIAZ VIDAL',Jornada 01,[0.0],17.0,0.0,0.0,0.0,0.0,0.0,0.0,0.0,0.0,0.0,0.0,0.0,0.0,0.0,0.0,0.0,0.0,0.0,0.0,0.0,5.0,0.0,0.0,AEC COLLBLANC - ITACA,TEMPLE - U.E. HORTA A,True,8.0,False
b'GERARD GALBETE RAMASCO',Jornada 01,[0.0],19.0,9.0,4.0,6.0,0.67,0.0,0.0,0.0,1.0,2.0,0.5,0.0,0.0,0.0,0.0,0.0,0.0,0.0,0.0,0.0,1.0,0.0,0.0,JAC SANTS BARCELONA -CASMAR,MARISTES ADEMAR,True,15.0,False
b'GERARD GALBETE RAMASCO',Jornada 02,[0.0],21.0,6.0,2.0,7.0,0.29,0.0,0.0,0.0,2.0,4.0,0.5,0.0,0.0,0.0,0.0,0.0,0.0,0.0,0.0,0.0,2.0,0.0,0.0,CB BESCANO,JAC SANTS BARCELONA -CASMAR,True,2.0,False
b'GERARD GONZLVEZ ROLDN',Jornada 01,[0.33],14.0,4.0,1.0,2.0,0.5,0.0,1.0,0.0,2.0,2.0,1.0,0.0,0.0,0.0,0.0,0.0,0.0,0.0,0.0,0.0,1.0,0.0,0.0,EL MASNOU BASQUETBOL,AEC COLLBLANC - ITACA,False,-31.0,False
b'GERARD GONZLVEZ ROLDN',Jornada 01,[0.6],16.0,2.0,0.0,2.0,0.0,0.0,3.0,0.0,2.0,2.0,1.0,0.0,0.0,0.0,0.0,0.0,0.0,0.0,0.0,0.0,0.0,0.0,0.0,AEC COLLBLANC - ITACA,TEMPLE - U.E. HORTA A,True,8.0,False
b'GERARD ROS FERNANDEZ',Jornada 01,[0.82],27.0,3.0,1.0,2.0,0.5,0.0,9.0,0.0,1.0,3.0,0.33,0.0,0.0,0.0,0.0,0.0,0.0,0.0,0.0,0.0,4.0,0.0,0.0,AEC COLLBLANC - ITACA,TEMPLE - U.E. HORTA A,False,-8.0,False
b'GERARD ROS FERNANDEZ',Jornada 02,[0.57],21.0,10.0,2.0,3.0,0.67,1.0,4.0,0.25,3.0,4.0,0.75,0.0,0.0,0.0,0.0,0.0,0.0,0.0,0.0,0.0,1.0,0.0,0.0,TEMPLE - U.E. HORTA A,UE.MONTGAT - A,False,-30.0,False
b'GONZALO BADAL',Jornada 01,[0.0],14.0,0.0,0.0,5.0,0.0,0.0,0.0,0.0,0.0,2.0,0.0,0.0,0.0,0.0,0.0,0.0,0.0,0.0,0.0,0.0,4.0,0.0,0.0,AEC COLLBLANC - ITACA,TEMPLE - U.E. HORTA A,False,-8.0,False
b'GONZALO BADAL',Jornada 02,[0.0],19.0,6.0,3.0,6.0,0.5,0.0,0.0,0.0,0.0,0.0,0.0,0.0,0.0,0.0,0.0,0.0,0.0,0.0,0.0,0.0,3.0,0.0,0.0,TEMPLE - U.E. HORTA A,UE.MONTGAT - A,False,-30.0,False
b'GUILLEM AVIOA CANALS',Jornada 01,[0.0],23.0,13.0,5.0,8.0,0.62,0.0,0.0,0.0,3.0,10.0,0.3,0.0,0.0,0.0,0.0,0.0,0.0,0.0,0.0,0.0,3.0,0.0,0.0,JAC SANTS BARCELONA -CASMAR,MARISTES ADEMAR,True,15.0,False
b'GUILLEM AVIOA CANALS',Jornada 02,[0.0],28.0,4.0,2.0,4.0,0.5,0.0,0.0,0.0,0.0,2.0,0.0,0.0,0.0,0.0,0.0,0.0,0.0,0.0,0.0,0.0,4.0,0.0,0.0,CB BESCANO,JAC SANTS BARCELONA -CASMAR,True,2.0,False
b'GUILLEM BALUDA RUIZ',Jornada 01,[0.62],16.0,14.0,1.0,3.0,0.33,4.0,5.0,0.8,0.0,0.0,0.0,0.0,0.0,0.0,0.0,0.0,0.0,0.0,0.0,0.0,4.0,0.0,0.0,UE.MONTGAT - A,CB BESCANO,True,8.0,False
b'GUILLEM DURAN FERRAN',Jornada 01,[0.0],21.0,4.0,2.0,3.0,0.67,0.0,0.0,0.0,0.0,0.0,0.0,0.0,0.0,0.0,0.0,0.0,0.0,0.0,0.0,0.0,4.0,0.0,0.0,EL MASNOU BASQUETBOL,AEC COLLBLANC - ITACA,True,31.0,False
b'GUILLEM DURAN FERRAN',Jornada 01,[0.0],16.0,5.0,2.0,3.0,0.67,0.0,0.0,0.0,1.0,2.0,0.5,0.0,0.0,0.0,0.0,0.0,0.0,0.0,0.0,0.0,5.0,0.0,0.0,CBU LLORET SAMBA HOTELS A,EL MASNOU BASQUETBOL,True,10.0,False
b'GUILLEM FIOL ROIG',Jornada 02,[0.0],11.0,2.0,1.0,2.0,0.5,0.0,0.0,0.0,0.0,0.0,0.0,0.0,0.0,0.0,0.0,0.0,0.0,0.0,0.0,0.0,2.0,0.0,0.0,CLUB BASQUET CIUTAT VELLA,C.B. SANTA COLOMA A,True,13.0,False
b'GUILLEM MUOZ ANDREU',Jornada 01,[0.5],9.0,2.0,1.0,1.0,1.0,0.0,1.0,0.0,0.0,0.0,0.0,0.0,0.0,0.0,0.0,0.0,0.0,0.0,0.0,0.0,1.0,0.0,0.0,UE.MONTGAT - A,CB BESCANO,True,8.0,False
b'GUILLEM MUOZ ANDREU',Jornada 02,[1.0],10.0,0.0,0.0,0.0,0.0,0.0,1.0,0.0,0.0,0.0,0.0,0.0,0.0,0.0,0.0,0.0,0.0,0.0,0.0,0.0,2.0,0.0,0.0,TEMPLE - U.E. HORTA A,UE.MONTGAT - A,True,30.0,False
b'GUILLEM PRAT PONCE',Jornada 02,[1.0],1.0,0.0,0.0,0.0,0.0,0.0,1.0,0.0,0.0,0.0,0.0,0.0,0.0,0.0,0.0,0.0,0.0,0.0,0.0,0.0,0.0,0.0,0.0,TEMPLE - U.E. HORTA A,UE.MONTGAT - A,False,-30.0,False
b'GUILLEM RUBIO CHACON',Jornada 02,[0.33],5.0,0.0,0.0,2.0,0.0,0.0,1.0,0.0,0.0,0.0,0.0,0.0,0.0,0.0,0.0,0.0,0.0,0.0,0.0,0.0,0.0,0.0,0.0,CLUB BASQUET CIUTAT VELLA,C.B. SANTA COLOMA A,False,-13.0,False
b'GUILLEM TORRENT CASTELL',Jornada 01,[0.57],31.0,18.0,3.0,6.0,0.5,3.0,8.0,0.38,3.0,6.0,0.5,0.0,0.0,0.0,0.0,0.0,0.0,0.0,0.0,0.0,2.0,0.0,0.0,AEC COLLBLANC - ITACA,TEMPLE - U.E. HORTA A,False,-8.0,False
b'GUILLEM TORRENT CASTELL',Jornada 02,[0.25],27.0,9.0,3.0,9.0,0.33,0.0,3.0,0.0,3.0,3.0,1.0,0.0,0.0,0.0,0.0,0.0,0.0,0.0,0.0,0.0,3.0,0.0,0.0,TEMPLE - U.E. HORTA A,UE.MONTGAT - A,False,-30.0,False
b'GUILLERMO PASCUAL MARQUINA',Jornada 01,[0.0],18.0,2.0,1.0,3.0,0.33,0.0,0.0,0.0,0.0,0.0,0.0,0.0,0.0,0.0,0.0,0.0,0.0,0.0,0.0,0.0,3.0,0.0,0.0,EL MASNOU BASQUETBOL,AEC COLLBLANC - ITACA,False,-31.0,False
b'GUILLERMO PASCUAL MARQUINA',Jornada 01,[0.5],22.0,1.0,0.0,1.0,0.0,0.0,1.0,0.0,1.0,2.0,0.5,0.0,0.0,0.0,0.0,0.0,0.0,0.0,0.0,0.0,2.0,0.0,0.0,AEC COLLBLANC - ITACA,TEMPLE - U.E. HORTA A,True,8.0,False
b'HECTOR GIMENEZ ANTON',Jornada 01,[0.0],2.0,0.0,0.0,0.0,0.0,0.0,0.0,0.0,0.0,0.0,0.0,0.0,0.0,0.0,0.0,0.0,0.0,0.0,0.0,0.0,0.0,0.0,0.0,A.E.S.E. A,U.E. CLARET A,True,6.0,False
b'HUGO CUADRADO FERNNDEZ',Jornada 01,[0.0],2.0,0.0,0.0,0.0,0.0,0.0,0.0,0.0,0.0,0.0,0.0,0.0,0.0,0.0,0.0,0.0,0.0,0.0,0.0,0.0,1.0,0.0,0.0,CBU LLORET SAMBA HOTELS A,EL MASNOU BASQUETBOL,True,10.0,False
b'HUGO CUADRADO FERNNDEZ',Jornada 01,[0.5],16.0,10.0,1.0,3.0,0.33,2.0,3.0,0.67,2.0,4.0,0.5,0.0,0.0,0.0,0.0,0.0,0.0,0.0,0.0,0.0,1.0,0.0,0.0,EL MASNOU BASQUETBOL,AEC COLLBLANC - ITACA,True,31.0,False
b'IVAN CAMPOY GRASA',Jornada 01,[0.0],17.0,2.0,0.0,3.0,0.0,0.0,0.0,0.0,2.0,2.0,1.0,0.0,0.0,0.0,0.0,0.0,0.0,0.0,0.0,0.0,1.0,0.0,0.0,A.E.S.E. A,U.E. CLARET A,False,-6.0,False
b'IVAN ROLDAN CEBALLOS',Jornada 01,[0.0],2.0,0.0,0.0,0.0,0.0,0.0,0.0,0.0,0.0,0.0,0.0,0.0,0.0,0.0,0.0,0.0,0.0,0.0,0.0,0.0,0.0,0.0,0.0,UE.MONTGAT - A,CB BESCANO,False,-8.0,False
b'IVAN ROLDAN CEBALLOS',Jornada 02,[0.0],16.0,5.0,2.0,5.0,0.4,0.0,0.0,0.0,1.0,2.0,0.5,0.0,0.0,0.0,0.0,0.0,0.0,0.0,0.0,0.0,3.0,0.0,0.0,CB BESCANO,JAC SANTS BARCELONA -CASMAR,False,-2.0,False
b'JAVIER ESPIN ROBLES',Jornada 02,[1.0],11.0,0.0,0.0,0.0,0.0,0.0,3.0,0.0,0.0,0.0,0.0,0.0,0.0,0.0,0.0,0.0,0.0,0.0,0.0,0.0,2.0,0.0,0.0,CLUB BASQUET CIUTAT VELLA,C.B. SANTA COLOMA A,False,-13.0,False
b'JAVIER VICENTE NIETO',Jornada 01,[0.85],28.0,12.0,0.0,2.0,0.0,4.0,11.0,0.36,0.0,0.0,0.0,0.0,0.0,0.0,0.0,0.0,0.0,0.0,0.0,0.0,1.0,0.0,0.0,A.E.S.E. A,U.E. CLARET A,True,6.0,False
b'JAVIER VICENTE NIETO',Jornada 01,[0.73],26.0,14.0,1.0,3.0,0.33,3.0,8.0,0.38,3.0,5.0,0.6,0.0,0.0,0.0,0.0,0.0,0.0,0.0,0.0,0.0,3.0,0.0,0.0,U.E. CLARET A,AE MINGUELLA A-DRIVIM,True,14.0,False
b'JOAN BALADA CARMONA',Jornada 01,[1.0],29.0,0.0,0.0,0.0,0.0,0.0,4.0,0.0,0.0,0.0,0.0,0.0,0.0,0.0,0.0,0.0,0.0,0.0,0.0,0.0,3.0,0.0,0.0,U.E. CLARET A,AE MINGUELLA A-DRIVIM,False,-14.0,False
b'JOAN BALADA CARMONA',Jornada 02,[0.25],15.0,2.0,1.0,3.0,0.33,0.0,1.0,0.0,0.0,0.0,0.0,0.0,0.0,0.0,0.0,0.0,0.0,0.0,0.0,0.0,2.0,0.0,0.0,AE MINGUELLA A-DRIVIM,CBU LLORET SAMBA HOTELS A,True,5.0,False
b'JOAN GASCON CLAPES',Jornada 01,[0.14],28.0,8.0,3.0,6.0,0.5,0.0,1.0,0.0,2.0,2.0,1.0,0.0,0.0,0.0,0.0,0.0,0.0,0.0,0.0,0.0,1.0,0.0,0.0,EL MASNOU BASQUETBOL,AEC COLLBLANC - ITACA,True,31.0,False
b'JOAN GASCON CLAPES',Jornada 01,[0.14],30.0,14.0,6.0,6.0,1.0,0.0,1.0,0.0,2.0,2.0,1.0,0.0,0.0,0.0,0.0,0.0,0.0,0.0,0.0,0.0,3.0,0.0,0.0,CBU LLORET SAMBA HOTELS A,EL MASNOU BASQUETBOL,True,10.0,False
b'JOAN NOGUERA CORROTO',Jornada 02,[0.12],27.0,4.0,1.0,7.0,0.14,0.0,1.0,0.0,2.0,3.0,0.67,0.0,0.0,0.0,0.0,0.0,0.0,0.0,0.0,0.0,3.0,0.0,0.0,CLUB BASQUET CIUTAT VELLA,C.B. SANTA COLOMA A,False,-13.0,False
b'JOAN ROZAS GONZALEZ',Jornada 02,[0.12],30.0,3.0,0.0,7.0,0.0,1.0,1.0,1.0,0.0,0.0,0.0,0.0,0.0,0.0,0.0,0.0,0.0,0.0,0.0,0.0,3.0,0.0,0.0,CLUB BASQUET CIUTAT VELLA,C.B. SANTA COLOMA A,True,13.0,False
b'JOAQUIM FRANCH DE PABLO',Jornada 01,[0.14],27.0,8.0,2.0,6.0,0.33,0.0,1.0,0.0,4.0,7.0,0.57,0.0,0.0,0.0,0.0,0.0,0.0,0.0,0.0,0.0,4.0,0.0,0.0,JAC SANTS BARCELONA -CASMAR,MARISTES ADEMAR,False,-15.0,False
b'JOAQUIM FRANCH DE PABLO',Jornada 02,[0.25],26.0,17.0,4.0,6.0,0.67,1.0,2.0,0.5,6.0,9.0,0.67,0.0,0.0,0.0,0.0,0.0,0.0,0.0,0.0,0.0,1.0,0.0,0.0,MARISTES ADEMAR,UE MATARO  TC,True,18.0,False
b'JOEL PENINA CORRIOLS',Jornada 01,[0.0],14.0,0.0,0.0,1.0,0.0,0.0,0.0,0.0,0.0,0.0,0.0,0.0,0.0,0.0,0.0,0.0,0.0,0.0,0.0,0.0,2.0,0.0,0.0,U.E. CLARET A,AE MINGUELLA A-DRIVIM,False,-14.0,False
b'JOEL PENINA CORRIOLS',Jornada 02,[0.0],9.0,2.0,1.0,2.0,0.5,0.0,0.0,0.0,0.0,0.0,0.0,0.0,0.0,0.0,0.0,0.0,0.0,0.0,0.0,0.0,0.0,0.0,0.0,AE MINGUELLA A-DRIVIM,CBU LLORET SAMBA HOTELS A,True,5.0,False
b'JOEL RODRGUEZ ESPS',Jornada 01,[0.8],19.0,7.0,0.0,1.0,0.0,2.0,4.0,0.5,1.0,2.0,0.5,0.0,0.0,0.0,0.0,0.0,0.0,0.0,0.0,0.0,2.0,0.0,0.0,JAC SANTS BARCELONA -CASMAR,MARISTES ADEMAR,True,15.0,False
b'JOEL RODRGUEZ ESPS',Jornada 02,[0.9],13.0,11.0,1.0,1.0,1.0,3.0,9.0,0.33,0.0,0.0,0.0,0.0,0.0,0.0,0.0,0.0,0.0,0.0,0.0,0.0,1.0,0.0,0.0,CB BESCANO,JAC SANTS BARCELONA -CASMAR,True,2.0,False
b'JORDI POCH CAMPABADAL',Jornada 01,[0.5],24.0,12.0,2.0,3.0,0.67,2.0,3.0,0.67,2.0,3.0,0.67,0.0,0.0,0.0,0.0,0.0,0.0,0.0,0.0,0.0,2.0,0.0,0.0,U.E. CLARET A,AE MINGUELLA A-DRIVIM,True,14.0,False
b'JORDI POCH CAMPABADAL',Jornada 01,[0.67],28.0,6.0,0.0,2.0,0.0,2.0,4.0,0.5,0.0,0.0,0.0,0.0,0.0,0.0,0.0,0.0,0.0,0.0,0.0,0.0,0.0,0.0,0.0,A.E.S.E. A,U.E. CLARET A,True,6.0,False
b'JORDI SANCHEZ GRAU',Jornada 01,[0.33],25.0,7.0,1.0,2.0,0.5,1.0,1.0,1.0,2.0,2.0,1.0,0.0,0.0,0.0,0.0,0.0,0.0,0.0,0.0,0.0,2.0,0.0,0.0,UE.MONTGAT - A,CB BESCANO,True,8.0,False
b'JORDI SANCHEZ GRAU',Jornada 02,[0.5],24.0,2.0,1.0,1.0,1.0,0.0,1.0,0.0,0.0,0.0,0.0,0.0,0.0,0.0,0.0,0.0,0.0,0.0,0.0,0.0,5.0,0.0,0.0,TEMPLE - U.E. HORTA A,UE.MONTGAT - A,True,30.0,False
b'JORDI SNCHEZ SORIANO',Jornada 02,[0.67],30.0,15.0,1.0,3.0,0.33,3.0,6.0,0.5,4.0,7.0,0.57,0.0,0.0,0.0,0.0,0.0,0.0,0.0,0.0,0.0,1.0,0.0,0.0,MARISTES ADEMAR,UE MATARO  TC,False,-18.0,False
b'JOSE ANTONIO BERNUZ PUEYO',Jornada 02,[0.38],20.0,15.0,4.0,5.0,0.8,1.0,3.0,0.33,4.0,4.0,1.0,0.0,0.0,0.0,0.0,0.0,0.0,0.0,0.0,0.0,1.0,0.0,0.0,CLUB BASQUET CIUTAT VELLA,C.B. SANTA COLOMA A,True,13.0,False
b'JOSE ANTONIO ORTIZ MONTILLA',Jornada 01,[0.44],22.0,7.0,0.0,5.0,0.0,1.0,4.0,0.25,4.0,6.0,0.67,0.0,0.0,0.0,0.0,0.0,0.0,0.0,0.0,0.0,3.0,0.0,0.0,U.E. CLARET A,AE MINGUELLA A-DRIVIM,True,14.0,False
b'JOSE ANTONIO ORTIZ MONTILLA',Jornada 01,[0.5],21.0,10.0,3.0,3.0,1.0,1.0,3.0,0.33,1.0,2.0,0.5,0.0,0.0,0.0,0.0,0.0,0.0,0.0,0.0,0.0,4.0,0.0,0.0,A.E.S.E. A,U.E. CLARET A,True,6.0,False
b'JOSEP ALET PUIG',Jornada 01,[0.0],25.0,0.0,0.0,4.0,0.0,0.0,0.0,0.0,0.0,0.0,0.0,0.0,0.0,0.0,0.0,0.0,0.0,0.0,0.0,0.0,2.0,0.0,0.0,EL MASNOU BASQUETBOL,AEC COLLBLANC - ITACA,False,-31.0,False
b'JOSEP ALET PUIG',Jornada 01,[0.14],25.0,14.0,1.0,6.0,0.17,1.0,1.0,1.0,9.0,12.0,0.75,0.0,0.0,0.0,0.0,0.0,0.0,0.0,0.0,0.0,1.0,0.0,0.0,AEC COLLBLANC - ITACA,TEMPLE - U.E. HORTA A,True,8.0,False
b'JOSEP ARMENGOL ROYO',Jornada 02,[0.0],16.0,6.0,2.0,2.0,1.0,0.0,0.0,0.0,2.0,3.0,0.67,0.0,0.0,0.0,0.0,0.0,0.0,0.0,0.0,0.0,3.0,0.0,0.0,CLUB BASQUET CIUTAT VELLA,C.B. SANTA COLOMA A,True,13.0,False
b'JOSEP FONT REDONDO',Jornada 01,[0.0],12.0,4.0,2.0,5.0,0.4,0.0,0.0,0.0,0.0,2.0,0.0,0.0,0.0,0.0,0.0,0.0,0.0,0.0,0.0,0.0,3.0,0.0,0.0,JAC SANTS BARCELONA -CASMAR,MARISTES ADEMAR,True,15.0,False
b'JOSEP FONT REDONDO',Jornada 02,[0.5],14.0,0.0,0.0,1.0,0.0,0.0,1.0,0.0,0.0,0.0,0.0,0.0,0.0,0.0,0.0,0.0,0.0,0.0,0.0,0.0,2.0,0.0,0.0,CB BESCANO,JAC SANTS BARCELONA -CASMAR,True,2.0,False
b'KEVIN GASTON JEREZ PILOTTI',Jornada 01,[0.58],39.0,17.0,2.0,5.0,0.4,1.0,7.0,0.14,10.0,12.0,0.83,0.0,0.0,0.0,0.0,0.0,0.0,0.0,0.0,0.0,5.0,0.0,0.0,CBU LLORET SAMBA HOTELS A,EL MASNOU BASQUETBOL,False,-10.0,False
b'KEVIN GASTON JEREZ PILOTTI',Jornada 02,[0.5],37.0,14.0,3.0,5.0,0.6,1.0,5.0,0.2,5.0,5.0,1.0,0.0,0.0,0.0,0.0,0.0,0.0,0.0,0.0,0.0,4.0,0.0,0.0,AE MINGUELLA A-DRIVIM,CBU LLORET SAMBA HOTELS A,False,-5.0,False
b'KEVIN-MAURICE KUNGNE KOTUE',Jornada 01,[0.0],16.0,2.0,1.0,1.0,1.0,0.0,0.0,0.0,0.0,2.0,0.0,0.0,0.0,0.0,0.0,0.0,0.0,0.0,0.0,0.0,5.0,0.0,0.0,CBU LLORET SAMBA HOTELS A,EL MASNOU BASQUETBOL,False,-10.0,False
b'KEVIN-MAURICE KUNGNE KOTUE',Jornada 02,[0.0],16.0,2.0,1.0,2.0,0.5,0.0,0.0,0.0,0.0,0.0,0.0,0.0,0.0,0.0,0.0,0.0,0.0,0.0,0.0,0.0,2.0,0.0,0.0,AE MINGUELLA A-DRIVIM,CBU LLORET SAMBA HOTELS A,False,-5.0,False
b'LLUC PEA RIBO',Jornada 01,[0.0],25.0,6.0,2.0,4.0,0.5,0.0,0.0,0.0,2.0,3.0,0.67,0.0,0.0,0.0,0.0,0.0,0.0,0.0,0.0,0.0,4.0,0.0,0.0,U.E. CLARET A,AE MINGUELLA A-DRIVIM,False,-14.0,False
b'LLUC PEA RIBO',Jornada 02,[0.0],28.0,3.0,1.0,4.0,0.25,0.0,0.0,0.0,1.0,2.0,0.5,0.0,0.0,0.0,0.0,0.0,0.0,0.0,0.0,0.0,1.0,0.0,0.0,AE MINGUELLA A-DRIVIM,CBU LLORET SAMBA HOTELS A,True,5.0,False
b'LLUIS BINIMELIS CARMONA',Jornada 01,[1.0],10.0,3.0,0.0,0.0,0.0,1.0,1.0,1.0,0.0,0.0,0.0,0.0,0.0,0.0,0.0,0.0,0.0,0.0,0.0,0.0,0.0,0.0,0.0,U.E. CLARET A,AE MINGUELLA A-DRIVIM,True,14.0,False
b'LUIS CARLOS FERNANDEZ BETANCOURT',Jornada 02,[0.0],14.0,8.0,3.0,5.0,0.6,0.0,0.0,0.0,2.0,2.0,1.0,0.0,0.0,0.0,0.0,0.0,0.0,0.0,0.0,0.0,1.0,0.0,0.0,CLUB BASQUET CIUTAT VELLA,C.B. SANTA COLOMA A,True,13.0,False
b'MANEL GONZALEZ GARCIA',Jornada 01,[0.5],5.0,4.0,2.0,2.0,1.0,0.0,2.0,0.0,0.0,0.0,0.0,0.0,0.0,0.0,0.0,0.0,0.0,0.0,0.0,0.0,1.0,0.0,0.0,EL MASNOU BASQUETBOL,AEC COLLBLANC - ITACA,True,31.0,False
b'MANUEL FIGUEROA FIGUEROA',Jornada 01,[1.0],14.0,3.0,0.0,0.0,0.0,0.0,1.0,0.0,3.0,4.0,0.75,0.0,0.0,0.0,0.0,0.0,0.0,0.0,0.0,0.0,1.0,0.0,0.0,CBU LLORET SAMBA HOTELS A,EL MASNOU BASQUETBOL,True,10.0,False
b'MANUEL FIGUEROA FIGUEROA',Jornada 01,[0.67],15.0,3.0,0.0,2.0,0.0,1.0,4.0,0.25,0.0,0.0,0.0,0.0,0.0,0.0,0.0,0.0,0.0,0.0,0.0,0.0,2.0,0.0,0.0,EL MASNOU BASQUETBOL,AEC COLLBLANC - ITACA,True,31.0,False
b'MARC ARNAU RIERA',Jornada 01,[0.62],19.0,14.0,2.0,3.0,0.67,2.0,5.0,0.4,4.0,6.0,0.67,0.0,0.0,0.0,0.0,0.0,0.0,0.0,0.0,0.0,2.0,0.0,0.0,CBU LLORET SAMBA HOTELS A,EL MASNOU BASQUETBOL,True,10.0,False
b'MARC ARNAU RIERA',Jornada 01,[0.33],17.0,13.0,4.0,6.0,0.67,1.0,3.0,0.33,2.0,3.0,0.67,0.0,0.0,0.0,0.0,0.0,0.0,0.0,0.0,0.0,2.0,0.0,0.0,EL MASNOU BASQUETBOL,AEC COLLBLANC - ITACA,True,31.0,False
b'MARC CANILLAS CRESPO',Jornada 01,[0.6],30.0,5.0,1.0,4.0,0.25,0.0,6.0,0.0,3.0,6.0,0.5,0.0,0.0,0.0,0.0,0.0,0.0,0.0,0.0,0.0,3.0,0.0,0.0,JAC SANTS BARCELONA -CASMAR,MARISTES ADEMAR,False,-15.0,False
b'MARC CANILLAS CRESPO',Jornada 02,[0.83],27.0,11.0,1.0,1.0,1.0,3.0,5.0,0.6,0.0,0.0,0.0,0.0,0.0,0.0,0.0,0.0,0.0,0.0,0.0,0.0,2.0,0.0,0.0,MARISTES ADEMAR,UE MATARO  TC,True,18.0,False
b'MARC GILABERT GALLARDO',Jornada 01,[0.0],17.0,4.0,1.0,5.0,0.2,0.0,0.0,0.0,2.0,2.0,1.0,0.0,0.0,0.0,0.0,0.0,0.0,0.0,0.0,0.0,4.0,0.0,0.0,U.E. CLARET A,AE MINGUELLA A-DRIVIM,True,14.0,False
b'MARC GILABERT GALLARDO',Jornada 01,[0.0],28.0,0.0,0.0,4.0,0.0,0.0,0.0,0.0,0.0,0.0,0.0,0.0,0.0,0.0,0.0,0.0,0.0,0.0,0.0,0.0,3.0,0.0,0.0,A.E.S.E. A,U.E. CLARET A,True,6.0,False
b'MARC HERMOSO FLORES',Jornada 01,[0.14],14.0,1.0,0.0,6.0,0.0,0.0,1.0,0.0,1.0,4.0,0.25,0.0,0.0,0.0,0.0,0.0,0.0,0.0,0.0,0.0,2.0,0.0,0.0,JAC SANTS BARCELONA -CASMAR,MARISTES ADEMAR,False,-15.0,False
b'MARC HERMOSO FLORES',Jornada 02,[0.1],21.0,7.0,3.0,9.0,0.33,0.0,1.0,0.0,1.0,2.0,0.5,0.0,0.0,0.0,0.0,0.0,0.0,0.0,0.0,0.0,2.0,0.0,0.0,MARISTES ADEMAR,UE MATARO  TC,True,18.0,False
b'MARC MAJORAL DE LOS RIOS',Jornada 01,[0.0],1.0,0.0,0.0,0.0,0.0,0.0,0.0,0.0,0.0,0.0,0.0,0.0,0.0,0.0,0.0,0.0,0.0,0.0,0.0,0.0,0.0,0.0,0.0,JAC SANTS BARCELONA -CASMAR,MARISTES ADEMAR,False,-15.0,False
b'MARC MESTRES ROSET',Jornada 01,[0.33],15.0,9.0,0.0,2.0,0.0,1.0,1.0,1.0,6.0,6.0,1.0,0.0,0.0,0.0,0.0,0.0,0.0,0.0,0.0,0.0,3.0,0.0,0.0,JAC SANTS BARCELONA -CASMAR,MARISTES ADEMAR,True,15.0,False
b'MARC MESTRES ROSET',Jornada 02,[0.17],13.0,4.0,2.0,5.0,0.4,0.0,1.0,0.0,0.0,0.0,0.0,0.0,0.0,0.0,0.0,0.0,0.0,0.0,0.0,0.0,1.0,0.0,0.0,CB BESCANO,JAC SANTS BARCELONA -CASMAR,True,2.0,False
b'MARC MUOZ LUMBRERAS',Jornada 01,[1.0],10.0,3.0,0.0,0.0,0.0,0.0,2.0,0.0,3.0,4.0,0.75,0.0,0.0,0.0,0.0,0.0,0.0,0.0,0.0,0.0,3.0,0.0,0.0,UE.MONTGAT - A,CB BESCANO,False,-8.0,False
b'MARC MUOZ LUMBRERAS',Jornada 02,[0.43],20.0,3.0,0.0,4.0,0.0,1.0,3.0,0.33,0.0,0.0,0.0,0.0,0.0,0.0,0.0,0.0,0.0,0.0,0.0,0.0,1.0,0.0,0.0,CB BESCANO,JAC SANTS BARCELONA -CASMAR,False,-2.0,False
b'MARC PERALTA MOLINER',Jornada 01,[0.75],13.0,5.0,1.0,1.0,1.0,1.0,3.0,0.33,0.0,0.0,0.0,0.0,0.0,0.0,0.0,0.0,0.0,0.0,0.0,0.0,1.0,0.0,0.0,A.E.S.E. A,U.E. CLARET A,False,-6.0,False
b'MARC PERAPOCH SANCHEZ',Jornada 01,[0.43],18.0,4.0,1.0,4.0,0.25,0.0,3.0,0.0,2.0,2.0,1.0,0.0,0.0,0.0,0.0,0.0,0.0,0.0,0.0,0.0,4.0,0.0,0.0,JAC SANTS BARCELONA -CASMAR,MARISTES ADEMAR,True,15.0,False
b'MARC PERAPOCH SANCHEZ',Jornada 02,[0.8],17.0,8.0,0.0,1.0,0.0,2.0,4.0,0.5,2.0,4.0,0.5,0.0,0.0,0.0,0.0,0.0,0.0,0.0,0.0,0.0,3.0,0.0,0.0,CB BESCANO,JAC SANTS BARCELONA -CASMAR,True,2.0,False
b'MARCEL NINOT PEDROSA',Jornada 01,[0.57],16.0,14.0,1.0,3.0,0.33,3.0,4.0,0.75,3.0,4.0,0.75,0.0,0.0,0.0,0.0,0.0,0.0,0.0,0.0,0.0,1.0,0.0,0.0,AEC COLLBLANC - ITACA,TEMPLE - U.E. HORTA A,True,8.0,False
b'MARCEL NINOT PEDROSA',Jornada 01,[0.25],12.0,3.0,1.0,3.0,0.33,0.0,1.0,0.0,1.0,4.0,0.25,0.0,0.0,0.0,0.0,0.0,0.0,0.0,0.0,0.0,3.0,0.0,0.0,EL MASNOU BASQUETBOL,AEC COLLBLANC - ITACA,False,-31.0,False
b'MARCEL PARS VILASECA',Jornada 02,[0.85],24.0,8.0,1.0,2.0,0.5,2.0,11.0,0.18,0.0,0.0,0.0,0.0,0.0,0.0,0.0,0.0,0.0,0.0,0.0,0.0,3.0,0.0,0.0,CLUB BASQUET CIUTAT VELLA,C.B. SANTA COLOMA A,True,13.0,False
b'MARIO BARRIENTOS PEREIRA',Jornada 02,[0.0],3.0,0.0,0.0,0.0,0.0,0.0,0.0,0.0,0.0,0.0,0.0,0.0,0.0,0.0,0.0,0.0,0.0,0.0,0.0,0.0,0.0,0.0,0.0,CLUB BASQUET CIUTAT VELLA,C.B. SANTA COLOMA A,False,-13.0,False
b'MART FONOLL VARA',Jornada 01,[0.5],23.0,8.0,2.0,4.0,0.5,0.0,4.0,0.0,4.0,7.0,0.57,0.0,0.0,0.0,0.0,0.0,0.0,0.0,0.0,0.0,1.0,0.0,0.0,EL MASNOU BASQUETBOL,AEC COLLBLANC - ITACA,False,-31.0,False
b'MART FONOLL VARA',Jornada 01,[0.6],25.0,10.0,2.0,4.0,0.5,1.0,6.0,0.17,3.0,4.0,0.75,0.0,0.0,0.0,0.0,0.0,0.0,0.0,0.0,0.0,4.0,0.0,0.0,AEC COLLBLANC - ITACA,TEMPLE - U.E. HORTA A,True,8.0,False
b'MART GRAMUNT CLIVILL',Jornada 01,[0.0],7.0,0.0,0.0,0.0,0.0,0.0,0.0,0.0,0.0,0.0,0.0,0.0,0.0,0.0,0.0,0.0,0.0,0.0,0.0,0.0,2.0,0.0,0.0,JAC SANTS BARCELONA -CASMAR,MARISTES ADEMAR,True,15.0,False
b'MART GRAMUNT CLIVILL',Jornada 02,[1.0],10.0,2.0,0.0,0.0,0.0,0.0,2.0,0.0,2.0,3.0,0.67,0.0,0.0,0.0,0.0,0.0,0.0,0.0,0.0,0.0,0.0,0.0,0.0,CB BESCANO,JAC SANTS BARCELONA -CASMAR,True,2.0,False
b'MIGUEL ORTIZ PINTOR',Jornada 02,[0.29],17.0,2.0,1.0,5.0,0.2,0.0,2.0,0.0,0.0,0.0,0.0,0.0,0.0,0.0,0.0,0.0,0.0,0.0,0.0,0.0,1.0,0.0,0.0,CLUB BASQUET CIUTAT VELLA,C.B. SANTA COLOMA A,False,-13.0,False
b'NICOLAS EDUARDO LUS HAHNEISER',Jornada 01,[0.5],19.0,5.0,1.0,4.0,0.25,1.0,4.0,0.25,0.0,0.0,0.0,0.0,0.0,0.0,0.0,0.0,0.0,0.0,0.0,0.0,0.0,0.0,0.0,U.E. CLARET A,AE MINGUELLA A-DRIVIM,True,14.0,False
b'NICOLAS EDUARDO LUS HAHNEISER',Jornada 01,[1.0],11.0,3.0,0.0,0.0,0.0,1.0,2.0,0.5,0.0,0.0,0.0,0.0,0.0,0.0,0.0,0.0,0.0,0.0,0.0,0.0,1.0,0.0,0.0,A.E.S.E. A,U.E. CLARET A,True,6.0,False
b'NICOLAS FERRER IGLESIA',Jornada 02,[0.5],16.0,3.0,1.0,2.0,0.5,0.0,2.0,0.0,1.0,2.0,0.5,0.0,0.0,0.0,0.0,0.0,0.0,0.0,0.0,0.0,1.0,0.0,0.0,MARISTES ADEMAR,UE MATARO  TC,False,-18.0,False
b'NIL DISTEFANO CAPDEFERRO',Jornada 02,[0.0],31.0,6.0,3.0,6.0,0.5,0.0,0.0,0.0,0.0,0.0,0.0,0.0,0.0,0.0,0.0,0.0,0.0,0.0,0.0,0.0,1.0,0.0,0.0,MARISTES ADEMAR,UE MATARO  TC,False,-18.0,False
b'NIL FARRE FLORES',Jornada 02,[0.38],24.0,5.0,0.0,5.0,0.0,1.0,3.0,0.33,2.0,3.0,0.67,0.0,0.0,0.0,0.0,0.0,0.0,0.0,0.0,0.0,2.0,0.0,0.0,CLUB BASQUET CIUTAT VELLA,C.B. SANTA COLOMA A,False,-13.0,False
b'NIL FRANCES ORTIZ',Jornada 01,[0.0],3.0,2.0,1.0,3.0,0.33,0.0,0.0,0.0,0.0,0.0,0.0,0.0,0.0,0.0,0.0,0.0,0.0,0.0,0.0,0.0,0.0,0.0,0.0,JAC SANTS BARCELONA -CASMAR,MARISTES ADEMAR,False,-15.0,False
b'NIL FRANCES ORTIZ',Jornada 02,[0.57],15.0,7.0,0.0,3.0,0.0,2.0,4.0,0.5,1.0,2.0,0.5,0.0,0.0,0.0,0.0,0.0,0.0,0.0,0.0,0.0,2.0,0.0,0.0,MARISTES ADEMAR,UE MATARO  TC,True,18.0,False
b'ORIOL DE QUINTANA BOSCH',Jornada 01,[0.75],35.0,1.0,0.0,1.0,0.0,0.0,3.0,0.0,1.0,2.0,0.5,0.0,0.0,0.0,0.0,0.0,0.0,0.0,0.0,0.0,2.0,0.0,0.0,UE.MONTGAT - A,CB BESCANO,False,-8.0,False
b'ORIOL DE QUINTANA BOSCH',Jornada 02,[0.5],33.0,9.0,2.0,3.0,0.67,1.0,3.0,0.33,2.0,2.0,1.0,0.0,0.0,0.0,0.0,0.0,0.0,0.0,0.0,0.0,4.0,0.0,0.0,CB BESCANO,JAC SANTS BARCELONA -CASMAR,False,-2.0,False
b'ORIOL GEBELLI ARBOIX',Jornada 01,[0.0],6.0,0.0,0.0,0.0,0.0,0.0,0.0,0.0,0.0,0.0,0.0,0.0,0.0,0.0,0.0,0.0,0.0,0.0,0.0,0.0,2.0,0.0,0.0,A.E.S.E. A,U.E. CLARET A,True,6.0,False
b'ORIOL GEBELLI ARBOIX',Jornada 01,[0.0],5.0,0.0,0.0,1.0,0.0,0.0,0.0,0.0,0.0,0.0,0.0,0.0,0.0,0.0,0.0,0.0,0.0,0.0,0.0,0.0,0.0,0.0,0.0,U.E. CLARET A,AE MINGUELLA A-DRIVIM,True,14.0,False
b'ORIOL GONZALEZ ROBLES',Jornada 01,[0.56],22.0,3.0,1.0,4.0,0.25,0.0,5.0,0.0,1.0,2.0,0.5,0.0,0.0,0.0,0.0,0.0,0.0,0.0,0.0,0.0,3.0,0.0,0.0,CBU LLORET SAMBA HOTELS A,EL MASNOU BASQUETBOL,False,-10.0,False
b'ORIOL GONZALEZ ROBLES',Jornada 02,[0.67],16.0,3.0,0.0,3.0,0.0,1.0,6.0,0.17,0.0,0.0,0.0,0.0,0.0,0.0,0.0,0.0,0.0,0.0,0.0,0.0,3.0,0.0,0.0,AE MINGUELLA A-DRIVIM,CBU LLORET SAMBA HOTELS A,False,-5.0,False
b'ORIOL ROSELL ESPADALER',Jornada 02,[0.25],7.0,0.0,0.0,3.0,0.0,0.0,1.0,0.0,0.0,0.0,0.0,0.0,0.0,0.0,0.0,0.0,0.0,0.0,0.0,0.0,0.0,0.0,0.0,CLUB BASQUET CIUTAT VELLA,C.B. SANTA COLOMA A,True,13.0,False
b'ORLANDO MENDEZ RAMIREZ',Jornada 01,[0.57],25.0,7.0,2.0,3.0,0.67,1.0,4.0,0.25,0.0,0.0,0.0,0.0,0.0,0.0,0.0,0.0,0.0,0.0,0.0,0.0,4.0,0.0,0.0,U.E. CLARET A,AE MINGUELLA A-DRIVIM,False,-14.0,False
b'ORLANDO MENDEZ RAMIREZ',Jornada 02,[0.36],27.0,14.0,5.0,7.0,0.71,1.0,4.0,0.25,1.0,4.0,0.25,0.0,0.0,0.0,0.0,0.0,0.0,0.0,0.0,0.0,3.0,0.0,0.0,AE MINGUELLA A-DRIVIM,CBU LLORET SAMBA HOTELS A,True,5.0,False
b'OSCAR ARGEMI GONZALEZ',Jornada 02,[0.25],24.0,6.0,3.0,12.0,0.25,0.0,4.0,0.0,0.0,1.0,0.0,0.0,0.0,0.0,0.0,0.0,0.0,0.0,0.0,0.0,3.0,0.0,0.0,TEMPLE - U.E. HORTA A,UE.MONTGAT - A,False,-30.0,False
b'PABLO BEIRAN AMIGO',Jornada 02,[0.75],16.0,3.0,1.0,1.0,1.0,0.0,3.0,0.0,1.0,2.0,0.5,0.0,0.0,0.0,0.0,0.0,0.0,0.0,0.0,0.0,1.0,0.0,0.0,CB BESCANO,JAC SANTS BARCELONA -CASMAR,True,2.0,False
b'PAU FERRAGUT ARCOS',Jornada 01,[0.5],13.0,4.0,2.0,2.0,1.0,0.0,2.0,0.0,0.0,0.0,0.0,0.0,0.0,0.0,0.0,0.0,0.0,0.0,0.0,0.0,3.0,0.0,0.0,AEC COLLBLANC - ITACA,TEMPLE - U.E. HORTA A,False,-8.0,False
b'PAU FERRAGUT ARCOS',Jornada 02,[0.5],21.0,0.0,0.0,2.0,0.0,0.0,2.0,0.0,0.0,0.0,0.0,0.0,0.0,0.0,0.0,0.0,0.0,0.0,0.0,0.0,3.0,0.0,0.0,TEMPLE - U.E. HORTA A,UE.MONTGAT - A,False,-30.0,False
b'PAU MARTORELL CARBALLO',Jornada 01,[0.8],39.0,11.0,1.0,3.0,0.33,3.0,12.0,0.25,0.0,2.0,0.0,0.0,0.0,0.0,0.0,0.0,0.0,0.0,0.0,0.0,1.0,0.0,0.0,CBU LLORET SAMBA HOTELS A,EL MASNOU BASQUETBOL,False,-10.0,False
b'PAU MARTORELL CARBALLO',Jornada 02,[0.62],40.0,14.0,1.0,3.0,0.33,3.0,5.0,0.6,3.0,4.0,0.75,0.0,0.0,0.0,0.0,0.0,0.0,0.0,0.0,0.0,0.0,0.0,0.0,AE MINGUELLA A-DRIVIM,CBU LLORET SAMBA HOTELS A,False,-5.0,False
b'PAU PREZ GMEZ',Jornada 02,[0.78],16.0,5.0,0.0,2.0,0.0,1.0,7.0,0.14,2.0,2.0,1.0,0.0,0.0,0.0,0.0,0.0,0.0,0.0,0.0,0.0,0.0,0.0,0.0,CLUB BASQUET CIUTAT VELLA,C.B. SANTA COLOMA A,True,13.0,False
b'PEDRO CUESTA VILCHES',Jornada 01,[0.44],21.0,12.0,2.0,5.0,0.4,2.0,4.0,0.5,2.0,3.0,0.67,0.0,0.0,0.0,0.0,0.0,0.0,0.0,0.0,0.0,5.0,0.0,0.0,UE.MONTGAT - A,CB BESCANO,True,8.0,False
b'PEDRO CUESTA VILCHES',Jornada 02,[0.4],22.0,7.0,2.0,3.0,0.67,1.0,2.0,0.5,0.0,0.0,0.0,0.0,0.0,0.0,0.0,0.0,0.0,0.0,0.0,0.0,4.0,0.0,0.0,TEMPLE - U.E. HORTA A,UE.MONTGAT - A,True,30.0,False
b'PERE CARRIN SORIANO',Jornada 01,[0.22],16.0,8.0,2.0,7.0,0.29,1.0,2.0,0.5,1.0,4.0,0.25,0.0,0.0,0.0,0.0,0.0,0.0,0.0,0.0,0.0,4.0,0.0,0.0,A.E.S.E. A,U.E. CLARET A,True,6.0,False
b'PERE CARRIN SORIANO',Jornada 01,[0.25],17.0,8.0,1.0,3.0,0.33,0.0,1.0,0.0,6.0,9.0,0.67,0.0,0.0,0.0,0.0,0.0,0.0,0.0,0.0,0.0,3.0,0.0,0.0,U.E. CLARET A,AE MINGUELLA A-DRIVIM,True,14.0,False
b'PERE UREA BARTRINA',Jornada 01,[0.27],30.0,17.0,5.0,11.0,0.45,1.0,4.0,0.25,4.0,7.0,0.57,0.0,0.0,0.0,0.0,0.0,0.0,0.0,0.0,0.0,3.0,0.0,0.0,UE.MONTGAT - A,CB BESCANO,False,-8.0,False
b'PERE UREA BARTRINA',Jornada 02,[0.44],19.0,10.0,2.0,5.0,0.4,2.0,4.0,0.5,0.0,1.0,0.0,0.0,0.0,0.0,0.0,0.0,0.0,0.0,0.0,0.0,4.0,0.0,0.0,CB BESCANO,JAC SANTS BARCELONA -CASMAR,False,-2.0,False
b'POL BARDERA REYES',Jornada 01,[0.5],15.0,5.0,0.0,2.0,0.0,1.0,2.0,0.5,2.0,4.0,0.5,0.0,0.0,0.0,0.0,0.0,0.0,0.0,0.0,0.0,2.0,0.0,0.0,CBU LLORET SAMBA HOTELS A,EL MASNOU BASQUETBOL,True,10.0,False
b'POL BARDERA REYES',Jornada 01,[0.0],6.0,4.0,2.0,2.0,1.0,0.0,0.0,0.0,0.0,0.0,0.0,0.0,0.0,0.0,0.0,0.0,0.0,0.0,0.0,0.0,2.0,0.0,0.0,EL MASNOU BASQUETBOL,AEC COLLBLANC - ITACA,True,31.0,False
b'POL ESPINACH SANCHO',Jornada 01,[0.17],38.0,14.0,5.0,10.0,0.5,0.0,2.0,0.0,4.0,8.0,0.5,0.0,0.0,0.0,0.0,0.0,0.0,0.0,0.0,0.0,3.0,0.0,0.0,AEC COLLBLANC - ITACA,TEMPLE - U.E. HORTA A,False,-8.0,False
b'POL ESPINACH SANCHO',Jornada 02,[0.29],15.0,7.0,3.0,5.0,0.6,0.0,2.0,0.0,1.0,2.0,0.5,0.0,0.0,0.0,0.0,0.0,0.0,0.0,0.0,0.0,3.0,0.0,0.0,TEMPLE - U.E. HORTA A,UE.MONTGAT - A,False,-30.0,False
b'POL PARRA POLO',Jornada 01,[0.8],16.0,8.0,1.0,1.0,1.0,2.0,4.0,0.5,0.0,0.0,0.0,0.0,0.0,0.0,0.0,0.0,0.0,0.0,0.0,0.0,2.0,0.0,0.0,EL MASNOU BASQUETBOL,AEC COLLBLANC - ITACA,True,31.0,False
b'POL PARRA POLO',Jornada 01,[0.4],23.0,3.0,0.0,3.0,0.0,1.0,2.0,0.5,0.0,2.0,0.0,0.0,0.0,0.0,0.0,0.0,0.0,0.0,0.0,0.0,0.0,0.0,0.0,CBU LLORET SAMBA HOTELS A,EL MASNOU BASQUETBOL,True,10.0,False
b'POL POMES FERRON',Jornada 02,[0.0],5.0,0.0,0.0,0.0,0.0,0.0,0.0,0.0,0.0,0.0,0.0,0.0,0.0,0.0,0.0,0.0,0.0,0.0,0.0,0.0,2.0,0.0,0.0,AE MINGUELLA A-DRIVIM,CBU LLORET SAMBA HOTELS A,False,-5.0,False
b'POL QUINTANA GARCIA',Jornada 01,[0.0],23.0,5.0,2.0,8.0,0.25,0.0,0.0,0.0,1.0,2.0,0.5,0.0,0.0,0.0,0.0,0.0,0.0,0.0,0.0,0.0,2.0,0.0,0.0,JAC SANTS BARCELONA -CASMAR,MARISTES ADEMAR,False,-15.0,False
b'POL QUINTANA GARCIA',Jornada 02,[0.0],11.0,2.0,1.0,3.0,0.33,0.0,0.0,0.0,0.0,0.0,0.0,0.0,0.0,0.0,0.0,0.0,0.0,0.0,0.0,0.0,3.0,0.0,0.0,MARISTES ADEMAR,UE MATARO  TC,True,18.0,False
b'POL RIOS CADENAS',Jornada 01,[0.25],22.0,12.0,2.0,3.0,0.67,0.0,1.0,0.0,8.0,9.0,0.89,0.0,0.0,0.0,0.0,0.0,0.0,0.0,0.0,0.0,3.0,0.0,0.0,UE.MONTGAT - A,CB BESCANO,True,8.0,False
b'POL RIOS CADENAS',Jornada 02,[0.25],24.0,18.0,6.0,9.0,0.67,1.0,3.0,0.33,3.0,8.0,0.38,0.0,0.0,0.0,0.0,0.0,0.0,0.0,0.0,0.0,3.0,0.0,0.0,TEMPLE - U.E. HORTA A,UE.MONTGAT - A,True,30.0,False
b'POL VIDAL VALLES',Jornada 01,[0.2],18.0,11.0,4.0,8.0,0.5,1.0,2.0,0.5,0.0,0.0,0.0,0.0,0.0,0.0,0.0,0.0,0.0,0.0,0.0,0.0,4.0,0.0,0.0,JAC SANTS BARCELONA -CASMAR,MARISTES ADEMAR,False,-15.0,False
b'POL VIDAL VALLES',Jornada 02,[0.29],30.0,16.0,2.0,5.0,0.4,1.0,2.0,0.5,9.0,9.0,1.0,0.0,0.0,0.0,0.0,0.0,0.0,0.0,0.0,0.0,3.0,0.0,0.0,MARISTES ADEMAR,UE MATARO  TC,True,18.0,False
b'QUIM SANCHEZ AGUILO',Jornada 01,[0.33],16.0,5.0,2.0,2.0,1.0,0.0,1.0,0.0,1.0,2.0,0.5,0.0,0.0,0.0,0.0,0.0,0.0,0.0,0.0,0.0,3.0,0.0,0.0,AEC COLLBLANC - ITACA,TEMPLE - U.E. HORTA A,False,-8.0,False
b'QUIM SANCHEZ AGUILO',Jornada 02,[1.0],12.0,3.0,0.0,0.0,0.0,1.0,2.0,0.5,0.0,2.0,0.0,0.0,0.0,0.0,0.0,0.0,0.0,0.0,0.0,0.0,0.0,0.0,0.0,TEMPLE - U.E. HORTA A,UE.MONTGAT - A,False,-30.0,False
b'QUIQUE SERRA BACHS',Jornada 01,[0.5],34.0,14.0,4.0,4.0,1.0,1.0,4.0,0.25,3.0,4.0,0.75,0.0,0.0,0.0,0.0,0.0,0.0,0.0,0.0,0.0,1.0,0.0,0.0,UE.MONTGAT - A,CB BESCANO,True,8.0,False
b'QUIQUE SERRA BACHS',Jornada 02,[1.0],16.0,0.0,0.0,0.0,0.0,0.0,1.0,0.0,0.0,0.0,0.0,0.0,0.0,0.0,0.0,0.0,0.0,0.0,0.0,0.0,2.0,0.0,0.0,TEMPLE - U.E. HORTA A,UE.MONTGAT - A,True,30.0,False
b'RAMON ESPUA BARTRINA',Jornada 02,[0.8],23.0,5.0,0.0,1.0,0.0,1.0,4.0,0.25,2.0,2.0,1.0,0.0,0.0,0.0,0.0,0.0,0.0,0.0,0.0,0.0,0.0,0.0,0.0,CLUB BASQUET CIUTAT VELLA,C.B. SANTA COLOMA A,True,13.0,False
b'RAUL DIAZ SANCHEZ',Jornada 01,[0.33],19.0,3.0,1.0,2.0,0.5,0.0,1.0,0.0,1.0,2.0,0.5,0.0,0.0,0.0,0.0,0.0,0.0,0.0,0.0,0.0,2.0,0.0,0.0,UE.MONTGAT - A,CB BESCANO,True,8.0,False
b'RAUL DIAZ SANCHEZ',Jornada 02,[0.5],21.0,7.0,1.0,3.0,0.33,1.0,3.0,0.33,2.0,3.0,0.67,0.0,0.0,0.0,0.0,0.0,0.0,0.0,0.0,0.0,2.0,0.0,0.0,TEMPLE - U.E. HORTA A,UE.MONTGAT - A,True,30.0,False
b'ROGER DALET CASALPRIM',Jornada 01,[0.0],11.0,2.0,1.0,2.0,0.5,0.0,0.0,0.0,0.0,0.0,0.0,0.0,0.0,0.0,0.0,0.0,0.0,0.0,0.0,0.0,4.0,0.0,0.0,U.E. CLARET A,AE MINGUELLA A-DRIVIM,True,14.0,False
b'ROGER DALET CASALPRIM',Jornada 01,[0.0],12.0,2.0,1.0,1.0,1.0,0.0,0.0,0.0,0.0,2.0,0.0,0.0,0.0,0.0,0.0,0.0,0.0,0.0,0.0,0.0,4.0,0.0,0.0,A.E.S.E. A,U.E. CLARET A,True,6.0,False
b'SAKOU OUMAR DIALLO TAVARES',Jornada 01,[0.56],36.0,16.0,6.0,8.0,0.75,1.0,10.0,0.1,1.0,2.0,0.5,0.0,0.0,0.0,0.0,0.0,0.0,0.0,0.0,0.0,4.0,0.0,0.0,CBU LLORET SAMBA HOTELS A,EL MASNOU BASQUETBOL,False,-10.0,False
b'SAKOU OUMAR DIALLO TAVARES',Jornada 02,[0.44],36.0,15.0,5.0,10.0,0.5,1.0,8.0,0.12,2.0,2.0,1.0,0.0,0.0,0.0,0.0,0.0,0.0,0.0,0.0,0.0,2.0,0.0,0.0,AE MINGUELLA A-DRIVIM,CBU LLORET SAMBA HOTELS A,False,-5.0,False
b'SALIHU KAIRA TOURAY',Jornada 02,[0.0],3.0,0.0,0.0,0.0,0.0,0.0,0.0,0.0,0.0,0.0,0.0,0.0,0.0,0.0,0.0,0.0,0.0,0.0,0.0,0.0,0.0,0.0,0.0,AE MINGUELLA A-DRIVIM,CBU LLORET SAMBA HOTELS A,False,-5.0,False
b'SERGI CARMONA MARTINEZ',Jornada 02,[0.14],16.0,6.0,3.0,6.0,0.5,0.0,1.0,0.0,0.0,0.0,0.0,0.0,0.0,0.0,0.0,0.0,0.0,0.0,0.0,0.0,1.0,0.0,0.0,CLUB BASQUET CIUTAT VELLA,C.B. SANTA COLOMA A,False,-13.0,False
b'SERGI ESTELLER PUIG',Jornada 01,[0.0],7.0,2.0,1.0,3.0,0.33,0.0,0.0,0.0,0.0,0.0,0.0,0.0,0.0,0.0,0.0,0.0,0.0,0.0,0.0,0.0,1.0,0.0,0.0,AEC COLLBLANC - ITACA,TEMPLE - U.E. HORTA A,True,8.0,False
b'SERGI ESTELLER PUIG',Jornada 01,[0.0],4.0,0.0,0.0,1.0,0.0,0.0,0.0,0.0,0.0,0.0,0.0,0.0,0.0,0.0,0.0,0.0,0.0,0.0,0.0,0.0,0.0,0.0,0.0,EL MASNOU BASQUETBOL,AEC COLLBLANC - ITACA,False,-31.0,False
b'SERGI LOPEZ VELASCO',Jornada 01,[0.0],16.0,2.0,1.0,3.0,0.33,0.0,0.0,0.0,0.0,0.0,0.0,0.0,0.0,0.0,0.0,0.0,0.0,0.0,0.0,0.0,0.0,0.0,0.0,A.E.S.E. A,U.E. CLARET A,False,-6.0,False
b'SERGI MARCO COLL',Jornada 01,[0.12],25.0,6.0,3.0,7.0,0.43,0.0,1.0,0.0,0.0,2.0,0.0,0.0,0.0,0.0,0.0,0.0,0.0,0.0,0.0,0.0,2.0,0.0,0.0,JAC SANTS BARCELONA -CASMAR,MARISTES ADEMAR,True,15.0,False
b'SERGI MARCO COLL',Jornada 02,[0.12],19.0,12.0,5.0,7.0,0.71,0.0,1.0,0.0,2.0,2.0,1.0,0.0,0.0,0.0,0.0,0.0,0.0,0.0,0.0,0.0,2.0,0.0,0.0,CB BESCANO,JAC SANTS BARCELONA -CASMAR,True,2.0,False
b'SERGI ORS ANDREU',Jornada 01,[0.2],16.0,7.0,2.0,4.0,0.5,0.0,1.0,0.0,3.0,4.0,0.75,0.0,0.0,0.0,0.0,0.0,0.0,0.0,0.0,0.0,5.0,0.0,0.0,U.E. CLARET A,AE MINGUELLA A-DRIVIM,False,-14.0,False
b'SERGI ORS ANDREU',Jornada 02,[0.0],12.0,2.0,1.0,4.0,0.25,0.0,0.0,0.0,0.0,0.0,0.0,0.0,0.0,0.0,0.0,0.0,0.0,0.0,0.0,0.0,4.0,0.0,0.0,AE MINGUELLA A-DRIVIM,CBU LLORET SAMBA HOTELS A,True,5.0,False
b'SERGI RIVAS SERRAT',Jornada 01,[0.5],6.0,0.0,0.0,2.0,0.0,0.0,2.0,0.0,0.0,0.0,0.0,0.0,0.0,0.0,0.0,0.0,0.0,0.0,0.0,0.0,1.0,0.0,0.0,UE.MONTGAT - A,CB BESCANO,False,-8.0,False
b'SERGI ROURERA LLAURADO',Jornada 01,[0.67],13.0,5.0,0.0,1.0,0.0,1.0,2.0,0.5,2.0,2.0,1.0,0.0,0.0,0.0,0.0,0.0,0.0,0.0,0.0,0.0,4.0,0.0,0.0,U.E. CLARET A,AE MINGUELLA A-DRIVIM,False,-14.0,False
b'SERGI ROURERA LLAURADO',Jornada 02,[0.83],25.0,13.0,1.0,1.0,1.0,2.0,5.0,0.4,5.0,7.0,0.71,0.0,0.0,0.0,0.0,0.0,0.0,0.0,0.0,0.0,2.0,0.0,0.0,AE MINGUELLA A-DRIVIM,CBU LLORET SAMBA HOTELS A,True,5.0,False
b'SERGI SAAVEDRA BARGALLO',Jornada 01,[0.0],1.0,0.0,0.0,0.0,0.0,0.0,0.0,0.0,0.0,0.0,0.0,0.0,0.0,0.0,0.0,0.0,0.0,0.0,0.0,0.0,1.0,0.0,0.0,AEC COLLBLANC - ITACA,TEMPLE - U.E. HORTA A,False,-8.0,False
b'SERGIO PEDRERO SEVILLANO',Jornada 01,[0.0],11.0,2.0,0.0,1.0,0.0,0.0,0.0,0.0,2.0,3.0,0.67,0.0,0.0,0.0,0.0,0.0,0.0,0.0,0.0,0.0,1.0,0.0,0.0,A.E.S.E. A,U.E. CLARET A,False,-6.0,False
b'TEMUR KIKNADZE ORKODASHVILI',Jornada 01,[0.0],24.0,9.0,3.0,6.0,0.5,0.0,0.0,0.0,3.0,5.0,0.6,0.0,0.0,0.0,0.0,0.0,0.0,0.0,0.0,0.0,4.0,0.0,0.0,CBU LLORET SAMBA HOTELS A,EL MASNOU BASQUETBOL,False,-10.0,False
b'TEMUR KIKNADZE ORKODASHVILI',Jornada 02,[0.0],20.0,0.0,0.0,3.0,0.0,0.0,0.0,0.0,0.0,2.0,0.0,0.0,0.0,0.0,0.0,0.0,0.0,0.0,0.0,0.0,5.0,0.0,0.0,AE MINGUELLA A-DRIVIM,CBU LLORET SAMBA HOTELS A,False,-5.0,False
b'VICTOR CAMPODARVE MONTERO',Jornada 01,[0.4],30.0,6.0,1.0,3.0,0.33,1.0,2.0,0.5,1.0,2.0,0.5,0.0,0.0,0.0,0.0,0.0,0.0,0.0,0.0,0.0,3.0,0.0,0.0,A.E.S.E. A,U.E. CLARET A,False,-6.0,False
b'VICTOR DE HARO BLAZQUEZ',Jornada 01,[0.75],20.0,2.0,1.0,1.0,1.0,0.0,3.0,0.0,0.0,0.0,0.0,0.0,0.0,0.0,0.0,0.0,0.0,0.0,0.0,0.0,2.0,0.0,0.0,UE.MONTGAT - A,CB BESCANO,True,8.0,False
b'VICTOR DE HARO BLAZQUEZ',Jornada 02,[0.5],25.0,9.0,3.0,5.0,0.6,1.0,5.0,0.2,0.0,0.0,0.0,0.0,0.0,0.0,0.0,0.0,0.0,0.0,0.0,0.0,1.0,0.0,0.0,TEMPLE - U.E. HORTA A,UE.MONTGAT - A,True,30.0,False
b'VICTOR VILLARREAL PUIG',Jornada 01,[0.5],15.0,2.0,1.0,2.0,0.5,0.0,2.0,0.0,0.0,0.0,0.0,0.0,0.0,0.0,0.0,0.0,0.0,0.0,0.0,0.0,1.0,0.0,0.0,EL MASNOU BASQUETBOL,AEC COLLBLANC - ITACA,False,-31.0,False
b'VICTOR VILLARREAL PUIG',Jornada 01,[0.5],27.0,9.0,3.0,3.0,1.0,1.0,3.0,0.33,0.0,0.0,0.0,0.0,0.0,0.0,0.0,0.0,0.0,0.0,0.0,0.0,2.0,0.0,0.0,AEC COLLBLANC - ITACA,TEMPLE - U.E. HORTA A,True,8.0,False
b'XABI GOMEZ NAPOLES',Jornada 01,[0.57],22.0,15.0,3.0,3.0,1.0,2.0,4.0,0.5,3.0,4.0,0.75,0.0,0.0,0.0,0.0,0.0,0.0,0.0,0.0,0.0,3.0,0.0,0.0,AEC COLLBLANC - ITACA,TEMPLE - U.E. HORTA A,True,8.0,False
b'XABI GOMEZ NAPOLES',Jornada 01,[0.47],31.0,22.0,4.0,10.0,0.4,4.0,9.0,0.44,2.0,5.0,0.4,0.0,0.0,0.0,0.0,0.0,0.0,0.0,0.0,0.0,3.0,0.0,0.0,EL MASNOU BASQUETBOL,AEC COLLBLANC - ITACA,False,-31.0,False
b'XAVIER LLUCH DEZ',Jornada 02,[0.0],23.0,8.0,4.0,12.0,0.33,0.0,0.0,0.0,0.0,0.0,0.0,0.0,0.0,0.0,0.0,0.0,0.0,0.0,0.0,0.0,5.0,0.0,0.0,MARISTES ADEMAR,UE MATARO  TC,False,-18.0,False
