Nom,Jornada,Partits,Minuts,Punts,T2 Anot,T2 Fets,% T2,T3 Anot,T3 Fets,% T3,T1 Anot,T1 Fets,% T1,Reb. Ofensius,Reb. Defensius,Rebots,Assist,Recuperacions,Perd,Taps,Taps Rebuts,Mates,Faltes Comeses,Faltes Rebudes,Val,Local,Visitant,Victoria,Diferencia
BASQUET MOLINS Equipo,Jornada 01,1.0,200.0,67.0,25.0,49.0,0.51,2.0,13.0,0.15,11.0,24.0,0.46,0.0,0.0,0.0,0.0,0.0,0.0,0.0,0.0,0.0,27.0,0.0,0.0,CB IPSI A,BASQUET MOLINS,False,-7.0
BASQUET MOLINS Equipo,Jornada 02,1.0,200.0,59.0,12.0,40.0,0.3,9.0,27.0,0.33,8.0,13.0,0.62,0.0,0.0,0.0,0.0,0.0,0.0,0.0,0.0,0.0,24.0,0.0,0.0,BASQUET MOLINS,VEDRUNA GRACIA A,False,-19.0
BASQUET MOLINS Equipo,Jornada 03,1.0,200.0,69.0,16.0,29.0,0.55,5.0,29.0,0.17,22.0,31.0,0.71,0.0,0.0,0.0,0.0,0.0,0.0,0.0,0.0,0.0,23.0,0.0,0.0,PUJOL CB MOLLERUSSA,BASQUET MOLINS,False,-3.0
BASQUET MOLINS Equipo,Jornada 04,1.0,200.0,53.0,12.0,41.0,0.29,8.0,24.0,0.33,5.0,8.0,0.62,0.0,0.0,0.0,0.0,0.0,0.0,0.0,0.0,0.0,19.0,0.0,0.0,BASQUET MOLINS,NOU BASQUET OLESA A,False,-9.0
BASQUET MOLINS Equipo,Jornada 04,1.0,200.0,58.0,16.0,40.0,0.4,3.0,19.0,0.16,17.0,20.0,0.85,0.0,0.0,0.0,0.0,0.0,0.0,0.0,0.0,0.0,17.0,0.0,0.0,LA SALLE MANRESA S.GOL,BASQUET MOLINS,False,-7.0
BASQUET MOLINS Equipo,Jornada 06,1.0,200.0,56.0,10.0,26.0,0.38,6.0,22.0,0.27,18.0,27.0,0.67,0.0,0.0,0.0,0.0,0.0,0.0,0.0,0.0,0.0,20.0,0.0,0.0,BASQUET MOLINS,LLUISOS DE GRACIA A - VERDI SUBMINISTRAMENTS,True,7.0
BASQUET MOLINS Equipo,Jornada 07,1.0,200.0,55.0,13.0,35.0,0.37,6.0,27.0,0.22,11.0,15.0,0.73,0.0,0.0,0.0,0.0,0.0,0.0,0.0,0.0,0.0,14.0,0.0,0.0,BASQUET MOLINS,CLUB NATACIO SABADELL A,False,-17.0
BASQUET MOLINS Equipo,Jornada 08,1.0,200.0,57.0,12.0,36.0,0.33,7.0,24.0,0.29,12.0,25.0,0.48,0.0,0.0,0.0,0.0,0.0,0.0,0.0,0.0,0.0,20.0,0.0,0.0,GRUP VIA - CB ARTES,BASQUET MOLINS,False,-8.0
BASQUET MOLINS Equipo,Jornada 09,1.0,200.0,61.0,14.0,36.0,0.39,8.0,25.0,0.32,9.0,17.0,0.53,0.0,0.0,0.0,0.0,0.0,0.0,0.0,0.0,0.0,22.0,0.0,0.0,BASQUET MOLINS,SD ESPANYOL,False,-14.0
BASQUET MOLINS Equipo,Jornada 11,1.0,200.0,82.0,18.0,41.0,0.44,7.0,18.0,0.39,25.0,29.0,0.86,0.0,0.0,0.0,0.0,0.0,0.0,0.0,0.0,0.0,18.0,0.0,0.0,BASQUET MOLINS,C.B.CASTELLAR A,True,16.0
BASQUET MOLINS Equipo,Jornada 12,1.0,200.0,66.0,19.0,33.0,0.58,4.0,18.0,0.22,16.0,28.0,0.57,0.0,0.0,0.0,0.0,0.0,0.0,0.0,0.0,0.0,18.0,0.0,0.0,TERRA ENDINS CB VILATORRADA,BASQUET MOLINS,False,-12.0
BASQUET MOLINS Equipo Rival,Jornada 01,1.0,200.0,74.0,17.0,35.0,0.49,6.0,30.0,0.2,22.0,35.0,0.63,0.0,0.0,0.0,0.0,0.0,0.0,0.0,0.0,0.0,26.0,0.0,0.0,BASQUET MOLINS,CB IPSI A,True,7.0
BASQUET MOLINS Equipo Rival,Jornada 02,1.0,200.0,78.0,19.0,34.0,0.56,8.0,35.0,0.23,16.0,26.0,0.62,0.0,0.0,0.0,0.0,0.0,0.0,0.0,0.0,0.0,21.0,0.0,0.0,VEDRUNA GRACIA A,BASQUET MOLINS,True,19.0
BASQUET MOLINS Equipo Rival,Jornada 03,1.0,200.0,72.0,11.0,29.0,0.38,11.0,37.0,0.3,17.0,25.0,0.68,0.0,0.0,0.0,0.0,0.0,0.0,0.0,0.0,0.0,26.0,0.0,0.0,BASQUET MOLINS,PUJOL CB MOLLERUSSA,True,3.0
BASQUET MOLINS Equipo Rival,Jornada 04,1.0,200.0,62.0,14.0,31.0,0.45,7.0,22.0,0.32,13.0,21.0,0.62,0.0,0.0,0.0,0.0,0.0,0.0,0.0,0.0,0.0,14.0,0.0,0.0,NOU BASQUET OLESA A,BASQUET MOLINS,True,9.0
BASQUET MOLINS Equipo Rival,Jornada 04,1.0,200.0,65.0,17.0,45.0,0.38,8.0,30.0,0.27,7.0,14.0,0.5,0.0,0.0,0.0,0.0,0.0,0.0,0.0,0.0,0.0,22.0,0.0,0.0,BASQUET MOLINS,LA SALLE MANRESA S.GOL,True,7.0
BASQUET MOLINS Equipo Rival,Jornada 06,1.0,200.0,49.0,12.0,41.0,0.29,3.0,27.0,0.11,16.0,21.0,0.76,0.0,0.0,0.0,0.0,0.0,0.0,0.0,0.0,0.0,20.0,0.0,0.0,LLUISOS DE GRACIA A - VERDI SUBMINISTRAMENTS,BASQUET MOLINS,False,-7.0
BASQUET MOLINS Equipo Rival,Jornada 07,1.0,200.0,72.0,10.0,29.0,0.34,14.0,32.0,0.44,10.0,14.0,0.71,0.0,0.0,0.0,0.0,0.0,0.0,0.0,0.0,0.0,16.0,0.0,0.0,CLUB NATACIO SABADELL A,BASQUET MOLINS,True,17.0
BASQUET MOLINS Equipo Rival,Jornada 08,1.0,200.0,65.0,17.0,32.0,0.53,7.0,24.0,0.29,10.0,18.0,0.56,0.0,0.0,0.0,0.0,0.0,0.0,0.0,0.0,0.0,23.0,0.0,0.0,BASQUET MOLINS,GRUP VIA - CB ARTES,True,8.0
BASQUET MOLINS Equipo Rival,Jornada 09,1.0,200.0,75.0,20.0,40.0,0.5,8.0,22.0,0.36,11.0,19.0,0.58,0.0,0.0,0.0,0.0,0.0,0.0,0.0,0.0,0.0,19.0,0.0,0.0,SD ESPANYOL,BASQUET MOLINS,True,14.0
BASQUET MOLINS Equipo Rival,Jornada 11,1.0,200.0,66.0,16.0,38.0,0.42,8.0,31.0,0.26,10.0,15.0,0.67,0.0,0.0,0.0,0.0,0.0,0.0,0.0,0.0,0.0,24.0,0.0,0.0,C.B.CASTELLAR A,BASQUET MOLINS,False,-16.0
BASQUET MOLINS Equipo Rival,Jornada 12,1.0,200.0,78.0,17.0,37.0,0.46,10.0,29.0,0.34,14.0,21.0,0.67,0.0,0.0,0.0,0.0,0.0,0.0,0.0,0.0,0.0,22.0,0.0,0.0,BASQUET MOLINS,TERRA ENDINS CB VILATORRADA,True,12.0
C.B.CASTELLAR A Equipo,Jornada 01,1.0,200.0,58.0,16.0,32.0,0.5,7.0,38.0,0.18,5.0,9.0,0.56,0.0,0.0,0.0,0.0,0.0,0.0,0.0,0.0,0.0,29.0,0.0,0.0,C.B.CASTELLAR A,SD ESPANYOL,False,-6.0
C.B.CASTELLAR A Equipo,Jornada 02,1.0,200.0,56.0,11.0,27.0,0.41,7.0,23.0,0.3,13.0,21.0,0.62,0.0,0.0,0.0,0.0,0.0,0.0,0.0,0.0,0.0,17.0,0.0,0.0,COCHESINTERNET.NET CB ALPICAT,C.B.CASTELLAR A,False,-10.0
C.B.CASTELLAR A Equipo,Jornada 03,1.0,200.0,58.0,9.0,24.0,0.38,11.0,38.0,0.29,7.0,7.0,1.0,0.0,0.0,0.0,0.0,0.0,0.0,0.0,0.0,0.0,23.0,0.0,0.0,LLUISOS DE GRACIA A - VERDI SUBMINISTRAMENTS,C.B.CASTELLAR A,False,-5.0
C.B.CASTELLAR A Equipo,Jornada 04,1.0,200.0,101.0,13.0,28.0,0.46,22.0,45.0,0.49,9.0,16.0,0.56,0.0,0.0,0.0,0.0,0.0,0.0,0.0,0.0,0.0,22.0,0.0,0.0,C.B.CASTELLAR A,TERRA ENDINS CB VILATORRADA,True,14.0
C.B.CASTELLAR A Equipo,Jornada 05,1.0,200.0,53.0,13.0,29.0,0.45,6.0,25.0,0.24,9.0,19.0,0.47,0.0,0.0,0.0,0.0,0.0,0.0,0.0,0.0,0.0,19.0,0.0,0.0,CLUB NATACIO TERRASSA A,C.B.CASTELLAR A,False,-14.0
C.B.CASTELLAR A Equipo,Jornada 06,1.0,200.0,82.0,14.0,23.0,0.61,15.0,34.0,0.44,9.0,16.0,0.56,0.0,0.0,0.0,0.0,0.0,0.0,0.0,0.0,0.0,25.0,0.0,0.0,C.B.CASTELLAR A,CB IPSI A,False,-10.0
C.B.CASTELLAR A Equipo,Jornada 07,1.0,200.0,75.0,18.0,29.0,0.62,11.0,37.0,0.3,6.0,7.0,0.86,0.0,0.0,0.0,0.0,0.0,0.0,0.0,0.0,0.0,21.0,0.0,0.0,VEDRUNA GRACIA A,C.B.CASTELLAR A,False,-2.0
C.B.CASTELLAR A Equipo,Jornada 08,1.0,200.0,55.0,16.0,39.0,0.41,4.0,20.0,0.2,11.0,13.0,0.85,0.0,0.0,0.0,0.0,0.0,0.0,0.0,0.0,0.0,20.0,0.0,0.0,NOU BASQUET OLESA A,C.B.CASTELLAR A,False,-28.0
C.B.CASTELLAR A Equipo,Jornada 08,1.0,200.0,55.0,14.0,36.0,0.39,8.0,46.0,0.17,3.0,3.0,1.0,0.0,0.0,0.0,0.0,0.0,0.0,0.0,0.0,0.0,19.0,0.0,0.0,C.B.CASTELLAR A,PUJOL CB MOLLERUSSA,False,-9.0
C.B.CASTELLAR A Equipo,Jornada 10,1.0,200.0,57.0,19.0,41.0,0.46,6.0,30.0,0.2,1.0,3.0,0.33,0.0,0.0,0.0,0.0,0.0,0.0,0.0,0.0,0.0,17.0,0.0,0.0,C.B.CASTELLAR A,LA SALLE MANRESA S.GOL,False,-18.0
C.B.CASTELLAR A Equipo,Jornada 11,1.0,200.0,66.0,16.0,38.0,0.42,8.0,31.0,0.26,10.0,15.0,0.67,0.0,0.0,0.0,0.0,0.0,0.0,0.0,0.0,0.0,24.0,0.0,0.0,BASQUET MOLINS,C.B.CASTELLAR A,False,-16.0
C.B.CASTELLAR A Equipo,Jornada 12,1.0,200.0,67.0,16.0,27.0,0.59,7.0,23.0,0.3,14.0,20.0,0.7,0.0,0.0,0.0,0.0,0.0,0.0,0.0,0.0,0.0,28.0,0.0,0.0,C.B.CASTELLAR A,CLUB NATACIO SABADELL A,False,-10.0
C.B.CASTELLAR A Equipo Rival,Jornada 01,1.0,200.0,64.0,19.0,35.0,0.54,3.0,22.0,0.14,17.0,33.0,0.52,0.0,0.0,0.0,0.0,0.0,0.0,0.0,0.0,0.0,15.0,0.0,0.0,SD ESPANYOL,C.B.CASTELLAR A,True,6.0
C.B.CASTELLAR A Equipo Rival,Jornada 02,1.0,200.0,66.0,15.0,32.0,0.47,8.0,27.0,0.3,12.0,21.0,0.57,0.0,0.0,0.0,0.0,0.0,0.0,0.0,0.0,0.0,24.0,0.0,0.0,C.B.CASTELLAR A,COCHESINTERNET.NET CB ALPICAT,True,10.0
C.B.CASTELLAR A Equipo Rival,Jornada 03,1.0,200.0,63.0,17.0,40.0,0.42,4.0,14.0,0.29,17.0,24.0,0.71,0.0,0.0,0.0,0.0,0.0,0.0,0.0,0.0,0.0,18.0,0.0,0.0,C.B.CASTELLAR A,LLUISOS DE GRACIA A - VERDI SUBMINISTRAMENTS,True,5.0
C.B.CASTELLAR A Equipo Rival,Jornada 04,1.0,200.0,87.0,23.0,44.0,0.52,9.0,27.0,0.33,14.0,22.0,0.64,0.0,0.0,0.0,0.0,0.0,0.0,0.0,0.0,0.0,18.0,0.0,0.0,TERRA ENDINS CB VILATORRADA,C.B.CASTELLAR A,False,-14.0
C.B.CASTELLAR A Equipo Rival,Jornada 05,1.0,200.0,67.0,18.0,41.0,0.44,7.0,28.0,0.25,10.0,17.0,0.59,0.0,0.0,0.0,0.0,0.0,0.0,0.0,0.0,0.0,22.0,0.0,0.0,C.B.CASTELLAR A,CLUB NATACIO TERRASSA A,True,14.0
C.B.CASTELLAR A Equipo Rival,Jornada 06,1.0,200.0,92.0,18.0,38.0,0.47,14.0,39.0,0.36,14.0,28.0,0.5,0.0,0.0,0.0,0.0,0.0,0.0,0.0,0.0,0.0,21.0,0.0,0.0,CB IPSI A,C.B.CASTELLAR A,True,10.0
C.B.CASTELLAR A Equipo Rival,Jornada 07,1.0,200.0,77.0,22.0,35.0,0.63,6.0,25.0,0.24,15.0,24.0,0.62,0.0,0.0,0.0,0.0,0.0,0.0,0.0,0.0,0.0,17.0,0.0,0.0,C.B.CASTELLAR A,VEDRUNA GRACIA A,True,2.0
C.B.CASTELLAR A Equipo Rival,Jornada 08,1.0,200.0,64.0,15.0,39.0,0.38,7.0,18.0,0.39,13.0,21.0,0.62,0.0,0.0,0.0,0.0,0.0,0.0,0.0,0.0,0.0,13.0,0.0,0.0,PUJOL CB MOLLERUSSA,C.B.CASTELLAR A,True,9.0
C.B.CASTELLAR A Equipo Rival,Jornada 08,1.0,200.0,83.0,24.0,41.0,0.59,8.0,24.0,0.33,11.0,17.0,0.65,0.0,0.0,0.0,0.0,0.0,0.0,0.0,0.0,0.0,17.0,0.0,0.0,C.B.CASTELLAR A,NOU BASQUET OLESA A,True,28.0
C.B.CASTELLAR A Equipo Rival,Jornada 10,1.0,200.0,75.0,17.0,34.0,0.5,10.0,32.0,0.31,11.0,16.0,0.69,0.0,0.0,0.0,0.0,0.0,0.0,0.0,0.0,0.0,13.0,0.0,0.0,LA SALLE MANRESA S.GOL,C.B.CASTELLAR A,True,18.0
C.B.CASTELLAR A Equipo Rival,Jornada 11,1.0,200.0,82.0,18.0,41.0,0.44,7.0,18.0,0.39,25.0,29.0,0.86,0.0,0.0,0.0,0.0,0.0,0.0,0.0,0.0,0.0,18.0,0.0,0.0,C.B.CASTELLAR A,BASQUET MOLINS,True,16.0
C.B.CASTELLAR A Equipo Rival,Jornada 12,1.0,200.0,77.0,21.0,44.0,0.48,4.0,19.0,0.21,23.0,35.0,0.66,0.0,0.0,0.0,0.0,0.0,0.0,0.0,0.0,0.0,22.0,0.0,0.0,CLUB NATACIO SABADELL A,C.B.CASTELLAR A,True,10.0
CB IPSI A Equipo,Jornada 01,1.0,200.0,59.0,9.0,28.0,0.32,5.0,23.0,0.22,26.0,34.0,0.76,0.0,0.0,0.0,0.0,0.0,0.0,0.0,0.0,0.0,28.0,0.0,0.0,CLUB NATACIO SABADELL A,CB IPSI A,False,-12.0
CB IPSI A Equipo,Jornada 01,1.0,200.0,74.0,17.0,35.0,0.49,6.0,30.0,0.2,22.0,35.0,0.63,0.0,0.0,0.0,0.0,0.0,0.0,0.0,0.0,0.0,26.0,0.0,0.0,CB IPSI A,BASQUET MOLINS,True,7.0
CB IPSI A Equipo,Jornada 03,1.0,200.0,85.0,20.0,38.0,0.53,9.0,28.0,0.32,18.0,38.0,0.47,0.0,0.0,0.0,0.0,0.0,0.0,0.0,0.0,0.0,28.0,0.0,0.0,CB IPSI A,GRUP VIA - CB ARTES,True,7.0
CB IPSI A Equipo,Jornada 04,1.0,200.0,65.0,17.0,41.0,0.41,4.0,18.0,0.22,19.0,31.0,0.61,0.0,0.0,0.0,0.0,0.0,0.0,0.0,0.0,0.0,24.0,0.0,0.0,SD ESPANYOL,CB IPSI A,True,2.0
CB IPSI A Equipo,Jornada 05,1.0,200.0,80.0,15.0,43.0,0.35,12.0,40.0,0.3,14.0,21.0,0.67,0.0,0.0,0.0,0.0,0.0,0.0,0.0,0.0,0.0,24.0,0.0,0.0,CB IPSI A,COCHESINTERNET.NET CB ALPICAT,False,-1.0
CB IPSI A Equipo,Jornada 06,1.0,200.0,76.0,21.0,40.0,0.53,7.0,24.0,0.29,13.0,24.0,0.54,0.0,0.0,0.0,0.0,0.0,0.0,0.0,0.0,0.0,26.0,0.0,0.0,CB IPSI A,TERRA ENDINS CB VILATORRADA,True,19.0
CB IPSI A Equipo,Jornada 06,1.0,200.0,92.0,18.0,38.0,0.47,14.0,39.0,0.36,14.0,28.0,0.5,0.0,0.0,0.0,0.0,0.0,0.0,0.0,0.0,0.0,21.0,0.0,0.0,C.B.CASTELLAR A,CB IPSI A,True,10.0
CB IPSI A Equipo,Jornada 08,1.0,200.0,75.0,27.0,57.0,0.47,3.0,17.0,0.18,12.0,22.0,0.55,0.0,0.0,0.0,0.0,0.0,0.0,0.0,0.0,0.0,23.0,0.0,0.0,CLUB NATACIO TERRASSA A,CB IPSI A,True,6.0
CB IPSI A Equipo,Jornada 09,1.0,200.0,51.0,15.0,49.0,0.31,2.0,30.0,0.07,15.0,33.0,0.45,0.0,0.0,0.0,0.0,0.0,0.0,0.0,0.0,0.0,24.0,0.0,0.0,CB IPSI A,VEDRUNA GRACIA A,False,-14.0
CB IPSI A Equipo,Jornada 09,1.0,200.0,49.0,15.0,46.0,0.33,1.0,21.0,0.05,16.0,21.0,0.76,0.0,0.0,0.0,0.0,0.0,0.0,0.0,0.0,0.0,23.0,0.0,0.0,LLUISOS DE GRACIA A - VERDI SUBMINISTRAMENTS,CB IPSI A,False,-12.0
CB IPSI A Equipo,Jornada 11,1.0,200.0,68.0,19.0,42.0,0.45,4.0,26.0,0.15,18.0,29.0,0.62,0.0,0.0,0.0,0.0,0.0,0.0,0.0,0.0,0.0,21.0,0.0,0.0,CB IPSI A,NOU BASQUET OLESA A,False,-6.0
CB IPSI A Equipo Rival,Jornada 01,1.0,200.0,67.0,25.0,49.0,0.51,2.0,13.0,0.15,11.0,24.0,0.46,0.0,0.0,0.0,0.0,0.0,0.0,0.0,0.0,0.0,27.0,0.0,0.0,BASQUET MOLINS,CB IPSI A,False,-7.0
CB IPSI A Equipo Rival,Jornada 01,1.0,200.0,71.0,12.0,38.0,0.32,9.0,26.0,0.35,20.0,27.0,0.74,0.0,0.0,0.0,0.0,0.0,0.0,0.0,0.0,0.0,28.0,0.0,0.0,CB IPSI A,CLUB NATACIO SABADELL A,True,12.0
CB IPSI A Equipo Rival,Jornada 03,1.0,200.0,78.0,16.0,36.0,0.44,8.0,29.0,0.28,22.0,30.0,0.73,0.0,0.0,0.0,0.0,0.0,0.0,0.0,0.0,0.0,30.0,0.0,0.0,GRUP VIA - CB ARTES,CB IPSI A,False,-7.0
CB IPSI A Equipo Rival,Jornada 04,1.0,200.0,63.0,15.0,39.0,0.38,6.0,29.0,0.21,15.0,24.0,0.62,0.0,0.0,0.0,0.0,0.0,0.0,0.0,0.0,0.0,26.0,0.0,0.0,CB IPSI A,SD ESPANYOL,False,-2.0
CB IPSI A Equipo Rival,Jornada 05,1.0,200.0,81.0,22.0,46.0,0.48,7.0,20.0,0.35,16.0,33.0,0.48,0.0,0.0,0.0,0.0,0.0,0.0,0.0,0.0,0.0,20.0,0.0,0.0,COCHESINTERNET.NET CB ALPICAT,CB IPSI A,True,1.0
CB IPSI A Equipo Rival,Jornada 06,1.0,200.0,57.0,11.0,42.0,0.26,7.0,31.0,0.23,14.0,23.0,0.61,0.0,0.0,0.0,0.0,0.0,0.0,0.0,0.0,0.0,23.0,0.0,0.0,TERRA ENDINS CB VILATORRADA,CB IPSI A,False,-19.0
CB IPSI A Equipo Rival,Jornada 06,1.0,200.0,82.0,14.0,23.0,0.61,15.0,34.0,0.44,9.0,16.0,0.56,0.0,0.0,0.0,0.0,0.0,0.0,0.0,0.0,0.0,25.0,0.0,0.0,CB IPSI A,C.B.CASTELLAR A,False,-10.0
CB IPSI A Equipo Rival,Jornada 08,1.0,200.0,69.0,17.0,38.0,0.45,6.0,20.0,0.3,17.0,26.0,0.65,0.0,0.0,0.0,0.0,0.0,0.0,0.0,0.0,0.0,22.0,0.0,0.0,CB IPSI A,CLUB NATACIO TERRASSA A,False,-6.0
CB IPSI A Equipo Rival,Jornada 09,1.0,200.0,65.0,15.0,20.0,0.75,6.0,26.0,0.23,17.0,27.0,0.63,0.0,0.0,0.0,0.0,0.0,0.0,0.0,0.0,0.0,32.0,0.0,0.0,VEDRUNA GRACIA A,CB IPSI A,True,14.0
CB IPSI A Equipo Rival,Jornada 09,1.0,200.0,61.0,11.0,34.0,0.32,7.0,27.0,0.26,18.0,26.0,0.69,0.0,0.0,0.0,0.0,0.0,0.0,0.0,0.0,0.0,19.0,0.0,0.0,CB IPSI A,LLUISOS DE GRACIA A - VERDI SUBMINISTRAMENTS,True,12.0
CB IPSI A Equipo Rival,Jornada 11,1.0,200.0,74.0,24.0,40.0,0.6,4.0,16.0,0.25,14.0,19.0,0.74,0.0,0.0,0.0,0.0,0.0,0.0,0.0,0.0,0.0,26.0,0.0,0.0,NOU BASQUET OLESA A,CB IPSI A,True,6.0
CLUB NATACIO SABADELL A Equipo,Jornada 01,1.0,200.0,71.0,12.0,38.0,0.32,9.0,26.0,0.35,20.0,27.0,0.74,0.0,0.0,0.0,0.0,0.0,0.0,0.0,0.0,0.0,28.0,0.0,0.0,CLUB NATACIO SABADELL A,CB IPSI A,True,12.0
CLUB NATACIO SABADELL A Equipo,Jornada 01,1.0,200.0,55.0,11.0,27.0,0.41,5.0,30.0,0.17,18.0,20.0,0.9,0.0,0.0,0.0,0.0,0.0,0.0,0.0,0.0,0.0,23.0,0.0,0.0,CLUB NATACIO TERRASSA A,CLUB NATACIO SABADELL A,True,7.0
CLUB NATACIO SABADELL A Equipo,Jornada 03,1.0,200.0,77.0,20.0,31.0,0.65,8.0,25.0,0.32,13.0,20.0,0.65,0.0,0.0,0.0,0.0,0.0,0.0,0.0,0.0,0.0,26.0,0.0,0.0,VEDRUNA GRACIA A,CLUB NATACIO SABADELL A,False,-2.0
CLUB NATACIO SABADELL A Equipo,Jornada 04,1.0,200.0,92.0,19.0,34.0,0.56,12.0,31.0,0.39,18.0,27.0,0.67,0.0,0.0,0.0,0.0,0.0,0.0,0.0,0.0,0.0,27.0,0.0,0.0,CLUB NATACIO SABADELL A,PUJOL CB MOLLERUSSA,True,33.0
CLUB NATACIO SABADELL A Equipo,Jornada 05,1.0,200.0,68.0,14.0,48.0,0.29,9.0,25.0,0.36,13.0,20.0,0.65,0.0,0.0,0.0,0.0,0.0,0.0,0.0,0.0,0.0,25.0,0.0,0.0,NOU BASQUET OLESA A,CLUB NATACIO SABADELL A,False,-2.0
CLUB NATACIO SABADELL A Equipo,Jornada 05,1.0,200.0,71.0,21.0,55.0,0.38,9.0,24.0,0.38,2.0,8.0,0.25,0.0,0.0,0.0,0.0,0.0,0.0,0.0,0.0,0.0,24.0,0.0,0.0,CLUB NATACIO SABADELL A,LA SALLE MANRESA S.GOL,False,-18.0
CLUB NATACIO SABADELL A Equipo,Jornada 07,1.0,200.0,72.0,10.0,29.0,0.34,14.0,32.0,0.44,10.0,14.0,0.71,0.0,0.0,0.0,0.0,0.0,0.0,0.0,0.0,0.0,16.0,0.0,0.0,BASQUET MOLINS,CLUB NATACIO SABADELL A,True,17.0
CLUB NATACIO SABADELL A Equipo,Jornada 07,1.0,200.0,65.0,16.0,39.0,0.41,5.0,23.0,0.22,18.0,29.0,0.62,0.0,0.0,0.0,0.0,0.0,0.0,0.0,0.0,0.0,37.0,0.0,0.0,CLUB NATACIO SABADELL A,LLUISOS DE GRACIA A - VERDI SUBMINISTRAMENTS,False,-13.0
CLUB NATACIO SABADELL A Equipo,Jornada 09,1.0,200.0,55.0,18.0,43.0,0.42,4.0,22.0,0.18,7.0,12.0,0.58,0.0,0.0,0.0,0.0,0.0,0.0,0.0,0.0,0.0,22.0,0.0,0.0,SD ESPANYOL,CLUB NATACIO SABADELL A,True,7.0
CLUB NATACIO SABADELL A Equipo,Jornada 09,1.0,200.0,83.0,23.0,48.0,0.48,6.0,21.0,0.29,19.0,25.0,0.76,0.0,0.0,0.0,0.0,0.0,0.0,0.0,0.0,0.0,24.0,0.0,0.0,CLUB NATACIO SABADELL A,GRUP VIA - CB ARTES,True,17.0
CLUB NATACIO SABADELL A Equipo,Jornada 10,1.0,200.0,66.0,17.0,49.0,0.35,1.0,15.0,0.07,29.0,38.0,0.76,0.0,0.0,0.0,0.0,0.0,0.0,0.0,0.0,0.0,25.0,0.0,0.0,CLUB NATACIO SABADELL A,COCHESINTERNET.NET CB ALPICAT,False,-9.0
CLUB NATACIO SABADELL A Equipo,Jornada 12,1.0,200.0,77.0,21.0,44.0,0.48,4.0,19.0,0.21,23.0,35.0,0.66,0.0,0.0,0.0,0.0,0.0,0.0,0.0,0.0,0.0,22.0,0.0,0.0,C.B.CASTELLAR A,CLUB NATACIO SABADELL A,True,10.0
CLUB NATACIO SABADELL A Equipo Rival,Jornada 01,1.0,200.0,48.0,13.0,37.0,0.35,1.0,18.0,0.06,19.0,29.0,0.66,0.0,0.0,0.0,0.0,0.0,0.0,0.0,0.0,0.0,24.0,0.0,0.0,CLUB NATACIO SABADELL A,CLUB NATACIO TERRASSA A,False,-7.0
CLUB NATACIO SABADELL A Equipo Rival,Jornada 01,1.0,200.0,59.0,9.0,28.0,0.32,5.0,23.0,0.22,26.0,34.0,0.76,0.0,0.0,0.0,0.0,0.0,0.0,0.0,0.0,0.0,28.0,0.0,0.0,CB IPSI A,CLUB NATACIO SABADELL A,False,-12.0
CLUB NATACIO SABADELL A Equipo Rival,Jornada 03,1.0,200.0,79.0,18.0,38.0,0.47,7.0,25.0,0.28,22.0,30.0,0.73,0.0,0.0,0.0,0.0,0.0,0.0,0.0,0.0,0.0,24.0,0.0,0.0,CLUB NATACIO SABADELL A,VEDRUNA GRACIA A,True,2.0
CLUB NATACIO SABADELL A Equipo Rival,Jornada 04,1.0,200.0,59.0,17.0,36.0,0.47,2.0,20.0,0.1,19.0,34.0,0.56,0.0,0.0,0.0,0.0,0.0,0.0,0.0,0.0,0.0,24.0,0.0,0.0,PUJOL CB MOLLERUSSA,CLUB NATACIO SABADELL A,False,-33.0
CLUB NATACIO SABADELL A Equipo Rival,Jornada 05,1.0,200.0,89.0,23.0,34.0,0.68,7.0,22.0,0.32,22.0,29.0,0.76,0.0,0.0,0.0,0.0,0.0,0.0,0.0,0.0,0.0,14.0,0.0,0.0,LA SALLE MANRESA S.GOL,CLUB NATACIO SABADELL A,True,18.0
CLUB NATACIO SABADELL A Equipo Rival,Jornada 05,1.0,200.0,70.0,18.0,29.0,0.62,7.0,27.0,0.26,13.0,27.0,0.48,0.0,0.0,0.0,0.0,0.0,0.0,0.0,0.0,0.0,25.0,0.0,0.0,CLUB NATACIO SABADELL A,NOU BASQUET OLESA A,True,2.0
CLUB NATACIO SABADELL A Equipo Rival,Jornada 07,1.0,200.0,55.0,13.0,35.0,0.37,6.0,27.0,0.22,11.0,15.0,0.73,0.0,0.0,0.0,0.0,0.0,0.0,0.0,0.0,0.0,14.0,0.0,0.0,CLUB NATACIO SABADELL A,BASQUET MOLINS,False,-17.0
CLUB NATACIO SABADELL A Equipo Rival,Jornada 07,1.0,200.0,78.0,16.0,30.0,0.53,6.0,22.0,0.27,28.0,42.0,0.67,0.0,0.0,0.0,0.0,0.0,0.0,0.0,0.0,0.0,25.0,0.0,0.0,LLUISOS DE GRACIA A - VERDI SUBMINISTRAMENTS,CLUB NATACIO SABADELL A,True,13.0
CLUB NATACIO SABADELL A Equipo Rival,Jornada 09,1.0,200.0,48.0,9.0,28.0,0.32,4.0,21.0,0.19,18.0,28.0,0.64,0.0,0.0,0.0,0.0,0.0,0.0,0.0,0.0,0.0,18.0,0.0,0.0,CLUB NATACIO SABADELL A,SD ESPANYOL,False,-7.0
CLUB NATACIO SABADELL A Equipo Rival,Jornada 09,1.0,200.0,66.0,14.0,42.0,0.33,7.0,23.0,0.3,17.0,23.0,0.74,0.0,0.0,0.0,0.0,0.0,0.0,0.0,0.0,0.0,20.0,0.0,0.0,GRUP VIA - CB ARTES,CLUB NATACIO SABADELL A,False,-17.0
CLUB NATACIO SABADELL A Equipo Rival,Jornada 10,1.0,200.0,75.0,15.0,33.0,0.45,9.0,24.0,0.38,18.0,29.0,0.62,0.0,0.0,0.0,0.0,0.0,0.0,0.0,0.0,0.0,28.0,0.0,0.0,COCHESINTERNET.NET CB ALPICAT,CLUB NATACIO SABADELL A,True,9.0
CLUB NATACIO SABADELL A Equipo Rival,Jornada 12,1.0,200.0,67.0,16.0,27.0,0.59,7.0,23.0,0.3,14.0,20.0,0.7,0.0,0.0,0.0,0.0,0.0,0.0,0.0,0.0,0.0,28.0,0.0,0.0,CLUB NATACIO SABADELL A,C.B.CASTELLAR A,False,-10.0
CLUB NATACIO TERRASSA A Equipo,Jornada 01,1.0,200.0,48.0,13.0,37.0,0.35,1.0,18.0,0.06,19.0,29.0,0.66,0.0,0.0,0.0,0.0,0.0,0.0,0.0,0.0,0.0,24.0,0.0,0.0,CLUB NATACIO TERRASSA A,CLUB NATACIO SABADELL A,False,-7.0
CLUB NATACIO TERRASSA A Equipo,Jornada 02,1.0,200.0,46.0,14.0,40.0,0.35,4.0,17.0,0.24,6.0,9.0,0.67,0.0,0.0,0.0,0.0,0.0,0.0,0.0,0.0,0.0,19.0,0.0,0.0,GRUP VIA - CB ARTES,CLUB NATACIO TERRASSA A,False,-13.0
CLUB NATACIO TERRASSA A Equipo,Jornada 03,1.0,200.0,64.0,20.0,43.0,0.47,5.0,12.0,0.42,9.0,12.0,0.75,0.0,0.0,0.0,0.0,0.0,0.0,0.0,0.0,0.0,23.0,0.0,0.0,CLUB NATACIO TERRASSA A,SD ESPANYOL,False,-4.0
CLUB NATACIO TERRASSA A Equipo,Jornada 04,1.0,200.0,58.0,19.0,39.0,0.49,4.0,18.0,0.22,8.0,20.0,0.4,0.0,0.0,0.0,0.0,0.0,0.0,0.0,0.0,0.0,25.0,0.0,0.0,COCHESINTERNET.NET CB ALPICAT,CLUB NATACIO TERRASSA A,False,-4.0
CLUB NATACIO TERRASSA A Equipo,Jornada 05,1.0,200.0,67.0,18.0,41.0,0.44,7.0,28.0,0.25,10.0,17.0,0.59,0.0,0.0,0.0,0.0,0.0,0.0,0.0,0.0,0.0,22.0,0.0,0.0,CLUB NATACIO TERRASSA A,C.B.CASTELLAR A,True,14.0
CLUB NATACIO TERRASSA A Equipo,Jornada 06,1.0,200.0,59.0,13.0,32.0,0.41,9.0,25.0,0.36,6.0,13.0,0.46,0.0,0.0,0.0,0.0,0.0,0.0,0.0,0.0,0.0,24.0,0.0,0.0,TERRA ENDINS CB VILATORRADA,CLUB NATACIO TERRASSA A,False,-6.0
CLUB NATACIO TERRASSA A Equipo,Jornada 08,1.0,200.0,69.0,17.0,38.0,0.45,6.0,20.0,0.3,17.0,26.0,0.65,0.0,0.0,0.0,0.0,0.0,0.0,0.0,0.0,0.0,22.0,0.0,0.0,CLUB NATACIO TERRASSA A,CB IPSI A,False,-6.0
CLUB NATACIO TERRASSA A Equipo,Jornada 09,1.0,200.0,61.0,19.0,43.0,0.44,3.0,17.0,0.18,14.0,22.0,0.64,0.0,0.0,0.0,0.0,0.0,0.0,0.0,0.0,0.0,21.0,0.0,0.0,VEDRUNA GRACIA A,CLUB NATACIO TERRASSA A,False,-8.0
CLUB NATACIO TERRASSA A Equipo,Jornada 10,1.0,225.0,66.0,19.0,42.0,0.45,5.0,27.0,0.19,13.0,21.0,0.62,0.0,0.0,0.0,0.0,0.0,0.0,0.0,0.0,0.0,27.0,0.0,0.0,CLUB NATACIO TERRASSA A,PUJOL CB MOLLERUSSA,True,2.0
CLUB NATACIO TERRASSA A Equipo,Jornada 10,1.0,200.0,52.0,14.0,39.0,0.36,7.0,14.0,0.5,3.0,9.0,0.33,0.0,0.0,0.0,0.0,0.0,0.0,0.0,0.0,0.0,23.0,0.0,0.0,NOU BASQUET OLESA A,CLUB NATACIO TERRASSA A,False,-30.0
CLUB NATACIO TERRASSA A Equipo,Jornada 11,1.0,200.0,56.0,20.0,46.0,0.43,5.0,21.0,0.24,1.0,4.0,0.25,0.0,0.0,0.0,0.0,0.0,0.0,0.0,0.0,0.0,11.0,0.0,0.0,CLUB NATACIO TERRASSA A,LA SALLE MANRESA S.GOL,False,-3.0
CLUB NATACIO TERRASSA A Equipo Rival,Jornada 01,1.0,200.0,55.0,11.0,27.0,0.41,5.0,30.0,0.17,18.0,20.0,0.9,0.0,0.0,0.0,0.0,0.0,0.0,0.0,0.0,0.0,23.0,0.0,0.0,CLUB NATACIO SABADELL A,CLUB NATACIO TERRASSA A,True,7.0
CLUB NATACIO TERRASSA A Equipo Rival,Jornada 02,1.0,200.0,59.0,18.0,37.0,0.49,4.0,22.0,0.18,11.0,22.0,0.5,0.0,0.0,0.0,0.0,0.0,0.0,0.0,0.0,0.0,14.0,0.0,0.0,CLUB NATACIO TERRASSA A,GRUP VIA - CB ARTES,True,13.0
CLUB NATACIO TERRASSA A Equipo Rival,Jornada 03,1.0,200.0,68.0,16.0,35.0,0.46,7.0,17.0,0.41,15.0,23.0,0.65,0.0,0.0,0.0,0.0,0.0,0.0,0.0,0.0,0.0,16.0,0.0,0.0,SD ESPANYOL,CLUB NATACIO TERRASSA A,True,4.0
CLUB NATACIO TERRASSA A Equipo Rival,Jornada 04,1.0,200.0,62.0,16.0,38.0,0.42,5.0,24.0,0.21,15.0,29.0,0.52,0.0,0.0,0.0,0.0,0.0,0.0,0.0,0.0,0.0,21.0,0.0,0.0,CLUB NATACIO TERRASSA A,COCHESINTERNET.NET CB ALPICAT,True,4.0
CLUB NATACIO TERRASSA A Equipo Rival,Jornada 05,1.0,200.0,53.0,13.0,29.0,0.45,6.0,25.0,0.24,9.0,19.0,0.47,0.0,0.0,0.0,0.0,0.0,0.0,0.0,0.0,0.0,19.0,0.0,0.0,C.B.CASTELLAR A,CLUB NATACIO TERRASSA A,False,-14.0
CLUB NATACIO TERRASSA A Equipo Rival,Jornada 06,1.0,200.0,65.0,16.0,48.0,0.33,5.0,17.0,0.29,18.0,26.0,0.69,0.0,0.0,0.0,0.0,0.0,0.0,0.0,0.0,0.0,13.0,0.0,0.0,CLUB NATACIO TERRASSA A,TERRA ENDINS CB VILATORRADA,True,6.0
CLUB NATACIO TERRASSA A Equipo Rival,Jornada 08,1.0,200.0,75.0,27.0,57.0,0.47,3.0,17.0,0.18,12.0,22.0,0.55,0.0,0.0,0.0,0.0,0.0,0.0,0.0,0.0,0.0,23.0,0.0,0.0,CB IPSI A,CLUB NATACIO TERRASSA A,True,6.0
CLUB NATACIO TERRASSA A Equipo Rival,Jornada 09,1.0,200.0,69.0,14.0,28.0,0.5,9.0,27.0,0.33,14.0,21.0,0.67,0.0,0.0,0.0,0.0,0.0,0.0,0.0,0.0,0.0,22.0,0.0,0.0,CLUB NATACIO TERRASSA A,VEDRUNA GRACIA A,True,8.0
CLUB NATACIO TERRASSA A Equipo Rival,Jornada 10,1.0,225.0,64.0,13.0,38.0,0.34,7.0,24.0,0.29,17.0,31.0,0.55,0.0,0.0,0.0,0.0,0.0,0.0,0.0,0.0,0.0,20.0,0.0,0.0,PUJOL CB MOLLERUSSA,CLUB NATACIO TERRASSA A,False,-2.0
CLUB NATACIO TERRASSA A Equipo Rival,Jornada 10,1.0,200.0,82.0,22.0,47.0,0.47,7.0,11.0,0.64,17.0,30.0,0.57,0.0,0.0,0.0,0.0,0.0,0.0,0.0,0.0,0.0,12.0,0.0,0.0,CLUB NATACIO TERRASSA A,NOU BASQUET OLESA A,True,30.0
CLUB NATACIO TERRASSA A Equipo Rival,Jornada 11,1.0,200.0,59.0,16.0,32.0,0.5,7.0,28.0,0.25,6.0,13.0,0.46,0.0,0.0,0.0,0.0,0.0,0.0,0.0,0.0,0.0,10.0,0.0,0.0,LA SALLE MANRESA S.GOL,CLUB NATACIO TERRASSA A,True,3.0
COCHESINTERNET.NET CB ALPICAT Equipo,Jornada 01,1.0,200.0,79.0,20.0,38.0,0.53,10.0,22.0,0.45,9.0,16.0,0.56,0.0,0.0,0.0,0.0,0.0,0.0,0.0,0.0,0.0,26.0,0.0,0.0,LLUISOS DE GRACIA A - VERDI SUBMINISTRAMENTS,COCHESINTERNET.NET CB ALPICAT,True,31.0
COCHESINTERNET.NET CB ALPICAT Equipo,Jornada 02,1.0,200.0,68.0,19.0,42.0,0.45,6.0,28.0,0.21,12.0,23.0,0.52,0.0,0.0,0.0,0.0,0.0,0.0,0.0,0.0,0.0,32.0,0.0,0.0,TERRA ENDINS CB VILATORRADA,COCHESINTERNET.NET CB ALPICAT,False,-7.0
COCHESINTERNET.NET CB ALPICAT Equipo,Jornada 02,1.0,200.0,66.0,15.0,32.0,0.47,8.0,27.0,0.3,12.0,21.0,0.57,0.0,0.0,0.0,0.0,0.0,0.0,0.0,0.0,0.0,24.0,0.0,0.0,COCHESINTERNET.NET CB ALPICAT,C.B.CASTELLAR A,True,10.0
COCHESINTERNET.NET CB ALPICAT Equipo,Jornada 04,1.0,200.0,62.0,16.0,38.0,0.42,5.0,24.0,0.21,15.0,29.0,0.52,0.0,0.0,0.0,0.0,0.0,0.0,0.0,0.0,0.0,21.0,0.0,0.0,COCHESINTERNET.NET CB ALPICAT,CLUB NATACIO TERRASSA A,True,4.0
COCHESINTERNET.NET CB ALPICAT Equipo,Jornada 05,1.0,200.0,81.0,22.0,46.0,0.48,7.0,20.0,0.35,16.0,33.0,0.48,0.0,0.0,0.0,0.0,0.0,0.0,0.0,0.0,0.0,20.0,0.0,0.0,CB IPSI A,COCHESINTERNET.NET CB ALPICAT,True,1.0
COCHESINTERNET.NET CB ALPICAT Equipo,Jornada 06,1.0,200.0,79.0,25.0,48.0,0.52,6.0,26.0,0.23,11.0,16.0,0.69,0.0,0.0,0.0,0.0,0.0,0.0,0.0,0.0,0.0,23.0,0.0,0.0,COCHESINTERNET.NET CB ALPICAT,VEDRUNA GRACIA A,True,18.0
COCHESINTERNET.NET CB ALPICAT Equipo,Jornada 07,1.0,200.0,67.0,18.0,40.0,0.45,8.0,41.0,0.2,7.0,15.0,0.47,0.0,0.0,0.0,0.0,0.0,0.0,0.0,0.0,0.0,19.0,0.0,0.0,PUJOL CB MOLLERUSSA,COCHESINTERNET.NET CB ALPICAT,True,4.0
COCHESINTERNET.NET CB ALPICAT Equipo,Jornada 08,1.0,200.0,81.0,24.0,45.0,0.53,7.0,23.0,0.3,12.0,19.0,0.63,0.0,0.0,0.0,0.0,0.0,0.0,0.0,0.0,0.0,19.0,0.0,0.0,LA SALLE MANRESA S.GOL,COCHESINTERNET.NET CB ALPICAT,True,8.0
COCHESINTERNET.NET CB ALPICAT Equipo,Jornada 08,1.0,200.0,82.0,24.0,43.0,0.56,6.0,28.0,0.21,16.0,28.0,0.57,0.0,0.0,0.0,0.0,0.0,0.0,0.0,0.0,0.0,27.0,0.0,0.0,COCHESINTERNET.NET CB ALPICAT,NOU BASQUET OLESA A,True,6.0
COCHESINTERNET.NET CB ALPICAT Equipo,Jornada 10,1.0,200.0,75.0,15.0,33.0,0.45,9.0,24.0,0.38,18.0,29.0,0.62,0.0,0.0,0.0,0.0,0.0,0.0,0.0,0.0,0.0,28.0,0.0,0.0,CLUB NATACIO SABADELL A,COCHESINTERNET.NET CB ALPICAT,True,9.0
COCHESINTERNET.NET CB ALPICAT Equipo,Jornada 12,1.0,200.0,70.0,14.0,35.0,0.4,8.0,31.0,0.26,18.0,25.0,0.72,0.0,0.0,0.0,0.0,0.0,0.0,0.0,0.0,0.0,20.0,0.0,0.0,COCHESINTERNET.NET CB ALPICAT,GRUP VIA - CB ARTES,True,17.0
COCHESINTERNET.NET CB ALPICAT Equipo Rival,Jornada 01,1.0,200.0,48.0,9.0,30.0,0.3,4.0,24.0,0.17,18.0,27.0,0.67,0.0,0.0,0.0,0.0,0.0,0.0,0.0,0.0,0.0,16.0,0.0,0.0,COCHESINTERNET.NET CB ALPICAT,LLUISOS DE GRACIA A - VERDI SUBMINISTRAMENTS,False,-31.0
COCHESINTERNET.NET CB ALPICAT Equipo Rival,Jornada 02,1.0,200.0,75.0,16.0,42.0,0.38,6.0,33.0,0.18,25.0,36.0,0.69,0.0,0.0,0.0,0.0,0.0,0.0,0.0,0.0,0.0,21.0,0.0,0.0,COCHESINTERNET.NET CB ALPICAT,TERRA ENDINS CB VILATORRADA,True,7.0
COCHESINTERNET.NET CB ALPICAT Equipo Rival,Jornada 02,1.0,200.0,56.0,11.0,27.0,0.41,7.0,23.0,0.3,13.0,21.0,0.62,0.0,0.0,0.0,0.0,0.0,0.0,0.0,0.0,0.0,17.0,0.0,0.0,C.B.CASTELLAR A,COCHESINTERNET.NET CB ALPICAT,False,-10.0
COCHESINTERNET.NET CB ALPICAT Equipo Rival,Jornada 04,1.0,200.0,58.0,19.0,39.0,0.49,4.0,18.0,0.22,8.0,20.0,0.4,0.0,0.0,0.0,0.0,0.0,0.0,0.0,0.0,0.0,25.0,0.0,0.0,CLUB NATACIO TERRASSA A,COCHESINTERNET.NET CB ALPICAT,False,-4.0
COCHESINTERNET.NET CB ALPICAT Equipo Rival,Jornada 05,1.0,200.0,80.0,15.0,43.0,0.35,12.0,40.0,0.3,14.0,21.0,0.67,0.0,0.0,0.0,0.0,0.0,0.0,0.0,0.0,0.0,24.0,0.0,0.0,COCHESINTERNET.NET CB ALPICAT,CB IPSI A,False,-1.0
COCHESINTERNET.NET CB ALPICAT Equipo Rival,Jornada 06,1.0,200.0,61.0,13.0,35.0,0.37,8.0,25.0,0.32,11.0,19.0,0.58,0.0,0.0,0.0,0.0,0.0,0.0,0.0,0.0,0.0,20.0,0.0,0.0,VEDRUNA GRACIA A,COCHESINTERNET.NET CB ALPICAT,False,-18.0
COCHESINTERNET.NET CB ALPICAT Equipo Rival,Jornada 07,1.0,200.0,63.0,17.0,37.0,0.46,4.0,20.0,0.2,17.0,25.0,0.68,0.0,0.0,0.0,0.0,0.0,0.0,0.0,0.0,0.0,18.0,0.0,0.0,COCHESINTERNET.NET CB ALPICAT,PUJOL CB MOLLERUSSA,False,-4.0
COCHESINTERNET.NET CB ALPICAT Equipo Rival,Jornada 08,1.0,200.0,73.0,17.0,34.0,0.5,10.0,33.0,0.3,9.0,11.0,0.82,0.0,0.0,0.0,0.0,0.0,0.0,0.0,0.0,0.0,21.0,0.0,0.0,COCHESINTERNET.NET CB ALPICAT,LA SALLE MANRESA S.GOL,False,-8.0
COCHESINTERNET.NET CB ALPICAT Equipo Rival,Jornada 08,1.0,200.0,76.0,23.0,43.0,0.53,5.0,16.0,0.31,15.0,25.0,0.6,0.0,0.0,0.0,0.0,0.0,0.0,0.0,0.0,0.0,25.0,0.0,0.0,NOU BASQUET OLESA A,COCHESINTERNET.NET CB ALPICAT,False,-6.0
COCHESINTERNET.NET CB ALPICAT Equipo Rival,Jornada 10,1.0,200.0,66.0,17.0,49.0,0.35,1.0,15.0,0.07,29.0,38.0,0.76,0.0,0.0,0.0,0.0,0.0,0.0,0.0,0.0,0.0,25.0,0.0,0.0,COCHESINTERNET.NET CB ALPICAT,CLUB NATACIO SABADELL A,False,-9.0
COCHESINTERNET.NET CB ALPICAT Equipo Rival,Jornada 12,1.0,200.0,53.0,11.0,34.0,0.32,6.0,21.0,0.29,13.0,24.0,0.54,0.0,0.0,0.0,0.0,0.0,0.0,0.0,0.0,0.0,24.0,0.0,0.0,GRUP VIA - CB ARTES,COCHESINTERNET.NET CB ALPICAT,False,-17.0
GRUP VIA - CB ARTES Equipo,Jornada 01,1.0,200.0,70.0,12.0,26.0,0.46,11.0,28.0,0.39,13.0,20.0,0.65,0.0,0.0,0.0,0.0,0.0,0.0,0.0,0.0,0.0,19.0,0.0,0.0,TERRA ENDINS CB VILATORRADA,GRUP VIA - CB ARTES,False,-3.0
GRUP VIA - CB ARTES Equipo,Jornada 02,1.0,200.0,59.0,18.0,37.0,0.49,4.0,22.0,0.18,11.0,22.0,0.5,0.0,0.0,0.0,0.0,0.0,0.0,0.0,0.0,0.0,14.0,0.0,0.0,GRUP VIA - CB ARTES,CLUB NATACIO TERRASSA A,True,13.0
GRUP VIA - CB ARTES Equipo,Jornada 03,1.0,200.0,78.0,16.0,36.0,0.44,8.0,29.0,0.28,22.0,30.0,0.73,0.0,0.0,0.0,0.0,0.0,0.0,0.0,0.0,0.0,30.0,0.0,0.0,CB IPSI A,GRUP VIA - CB ARTES,False,-7.0
GRUP VIA - CB ARTES Equipo,Jornada 04,1.0,200.0,62.0,17.0,37.0,0.46,5.0,24.0,0.21,13.0,25.0,0.52,0.0,0.0,0.0,0.0,0.0,0.0,0.0,0.0,0.0,21.0,0.0,0.0,GRUP VIA - CB ARTES,VEDRUNA GRACIA A,True,18.0
GRUP VIA - CB ARTES Equipo,Jornada 05,1.0,200.0,74.0,11.0,23.0,0.48,14.0,30.0,0.47,10.0,19.0,0.53,0.0,0.0,0.0,0.0,0.0,0.0,0.0,0.0,0.0,14.0,0.0,0.0,PUJOL CB MOLLERUSSA,GRUP VIA - CB ARTES,True,22.0
GRUP VIA - CB ARTES Equipo,Jornada 06,1.0,200.0,82.0,19.0,32.0,0.59,13.0,35.0,0.37,5.0,9.0,0.56,0.0,0.0,0.0,0.0,0.0,0.0,0.0,0.0,0.0,28.0,0.0,0.0,GRUP VIA - CB ARTES,NOU BASQUET OLESA A,True,21.0
GRUP VIA - CB ARTES Equipo,Jornada 07,1.0,200.0,86.0,23.0,36.0,0.64,11.0,31.0,0.35,7.0,13.0,0.54,0.0,0.0,0.0,0.0,0.0,0.0,0.0,0.0,0.0,20.0,0.0,0.0,LA SALLE MANRESA S.GOL,GRUP VIA - CB ARTES,True,8.0
GRUP VIA - CB ARTES Equipo,Jornada 08,1.0,200.0,65.0,17.0,32.0,0.53,7.0,24.0,0.29,10.0,18.0,0.56,0.0,0.0,0.0,0.0,0.0,0.0,0.0,0.0,0.0,23.0,0.0,0.0,GRUP VIA - CB ARTES,BASQUET MOLINS,True,8.0
GRUP VIA - CB ARTES Equipo,Jornada 09,1.0,200.0,66.0,14.0,42.0,0.33,7.0,23.0,0.3,17.0,23.0,0.74,0.0,0.0,0.0,0.0,0.0,0.0,0.0,0.0,0.0,20.0,0.0,0.0,CLUB NATACIO SABADELL A,GRUP VIA - CB ARTES,False,-17.0
GRUP VIA - CB ARTES Equipo,Jornada 10,1.0,200.0,67.0,17.0,31.0,0.55,6.0,20.0,0.3,15.0,27.0,0.56,0.0,0.0,0.0,0.0,0.0,0.0,0.0,0.0,0.0,24.0,0.0,0.0,LLUISOS DE GRACIA A - VERDI SUBMINISTRAMENTS,GRUP VIA - CB ARTES,True,16.0
GRUP VIA - CB ARTES Equipo,Jornada 11,1.0,200.0,53.0,17.0,28.0,0.61,3.0,34.0,0.09,10.0,16.0,0.62,0.0,0.0,0.0,0.0,0.0,0.0,0.0,0.0,0.0,20.0,0.0,0.0,GRUP VIA - CB ARTES,SD ESPANYOL,False,-5.0
GRUP VIA - CB ARTES Equipo,Jornada 12,1.0,200.0,53.0,11.0,34.0,0.32,6.0,21.0,0.29,13.0,24.0,0.54,0.0,0.0,0.0,0.0,0.0,0.0,0.0,0.0,0.0,24.0,0.0,0.0,COCHESINTERNET.NET CB ALPICAT,GRUP VIA - CB ARTES,False,-17.0
GRUP VIA - CB ARTES Equipo Rival,Jornada 01,1.0,200.0,73.0,21.0,55.0,0.38,7.0,25.0,0.28,10.0,15.0,0.67,0.0,0.0,0.0,0.0,0.0,0.0,0.0,0.0,0.0,20.0,0.0,0.0,GRUP VIA - CB ARTES,TERRA ENDINS CB VILATORRADA,True,3.0
GRUP VIA - CB ARTES Equipo Rival,Jornada 02,1.0,200.0,46.0,14.0,40.0,0.35,4.0,17.0,0.24,6.0,9.0,0.67,0.0,0.0,0.0,0.0,0.0,0.0,0.0,0.0,0.0,19.0,0.0,0.0,CLUB NATACIO TERRASSA A,GRUP VIA - CB ARTES,False,-13.0
GRUP VIA - CB ARTES Equipo Rival,Jornada 03,1.0,200.0,85.0,20.0,38.0,0.53,9.0,28.0,0.32,18.0,38.0,0.47,0.0,0.0,0.0,0.0,0.0,0.0,0.0,0.0,0.0,28.0,0.0,0.0,GRUP VIA - CB ARTES,CB IPSI A,True,7.0
GRUP VIA - CB ARTES Equipo Rival,Jornada 04,1.0,200.0,44.0,16.0,42.0,0.38,1.0,20.0,0.05,9.0,13.0,0.69,0.0,0.0,0.0,0.0,0.0,0.0,0.0,0.0,0.0,20.0,0.0,0.0,VEDRUNA GRACIA A,GRUP VIA - CB ARTES,False,-18.0
GRUP VIA - CB ARTES Equipo Rival,Jornada 05,1.0,200.0,52.0,14.0,51.0,0.27,4.0,20.0,0.2,12.0,16.0,0.75,0.0,0.0,0.0,0.0,0.0,0.0,0.0,0.0,0.0,16.0,0.0,0.0,GRUP VIA - CB ARTES,PUJOL CB MOLLERUSSA,False,-22.0
GRUP VIA - CB ARTES Equipo Rival,Jornada 06,1.0,200.0,61.0,20.0,47.0,0.43,2.0,16.0,0.12,15.0,29.0,0.52,0.0,0.0,0.0,0.0,0.0,0.0,0.0,0.0,0.0,13.0,0.0,0.0,NOU BASQUET OLESA A,GRUP VIA - CB ARTES,False,-21.0
GRUP VIA - CB ARTES Equipo Rival,Jornada 07,1.0,200.0,78.0,19.0,44.0,0.43,9.0,28.0,0.32,13.0,18.0,0.72,0.0,0.0,0.0,0.0,0.0,0.0,0.0,0.0,0.0,17.0,0.0,0.0,GRUP VIA - CB ARTES,LA SALLE MANRESA S.GOL,False,-8.0
GRUP VIA - CB ARTES Equipo Rival,Jornada 08,1.0,200.0,57.0,12.0,36.0,0.33,7.0,24.0,0.29,12.0,25.0,0.48,0.0,0.0,0.0,0.0,0.0,0.0,0.0,0.0,0.0,20.0,0.0,0.0,BASQUET MOLINS,GRUP VIA - CB ARTES,False,-8.0
GRUP VIA - CB ARTES Equipo Rival,Jornada 09,1.0,200.0,83.0,23.0,48.0,0.48,6.0,21.0,0.29,19.0,25.0,0.76,0.0,0.0,0.0,0.0,0.0,0.0,0.0,0.0,0.0,24.0,0.0,0.0,GRUP VIA - CB ARTES,CLUB NATACIO SABADELL A,True,17.0
GRUP VIA - CB ARTES Equipo Rival,Jornada 10,1.0,200.0,51.0,17.0,46.0,0.37,0.0,21.0,0.0,17.0,24.0,0.71,0.0,0.0,0.0,0.0,0.0,0.0,0.0,0.0,0.0,27.0,0.0,0.0,GRUP VIA - CB ARTES,LLUISOS DE GRACIA A - VERDI SUBMINISTRAMENTS,False,-16.0
GRUP VIA - CB ARTES Equipo Rival,Jornada 11,1.0,200.0,58.0,14.0,37.0,0.38,6.0,18.0,0.33,12.0,28.0,0.43,0.0,0.0,0.0,0.0,0.0,0.0,0.0,0.0,0.0,23.0,0.0,0.0,SD ESPANYOL,GRUP VIA - CB ARTES,True,5.0
GRUP VIA - CB ARTES Equipo Rival,Jornada 12,1.0,200.0,70.0,14.0,35.0,0.4,8.0,31.0,0.26,18.0,25.0,0.72,0.0,0.0,0.0,0.0,0.0,0.0,0.0,0.0,0.0,20.0,0.0,0.0,GRUP VIA - CB ARTES,COCHESINTERNET.NET CB ALPICAT,True,17.0
LA SALLE MANRESA S.GOL Equipo,Jornada 01,1.0,200.0,67.0,18.0,31.0,0.58,8.0,28.0,0.29,7.0,10.0,0.7,0.0,0.0,0.0,0.0,0.0,0.0,0.0,0.0,0.0,24.0,0.0,0.0,VEDRUNA GRACIA A,LA SALLE MANRESA S.GOL,False,-7.0
LA SALLE MANRESA S.GOL Equipo,Jornada 02,1.0,200.0,81.0,20.0,41.0,0.49,10.0,29.0,0.34,11.0,20.0,0.55,0.0,0.0,0.0,0.0,0.0,0.0,0.0,0.0,0.0,19.0,0.0,0.0,LA SALLE MANRESA S.GOL,PUJOL CB MOLLERUSSA,True,16.0
LA SALLE MANRESA S.GOL Equipo,Jornada 03,1.0,200.0,76.0,21.0,43.0,0.49,8.0,30.0,0.27,10.0,20.0,0.5,0.0,0.0,0.0,0.0,0.0,0.0,0.0,0.0,0.0,24.0,0.0,0.0,NOU BASQUET OLESA A,LA SALLE MANRESA S.GOL,True,2.0
LA SALLE MANRESA S.GOL Equipo,Jornada 03,1.0,200.0,63.0,12.0,27.0,0.44,8.0,23.0,0.35,15.0,19.0,0.79,0.0,0.0,0.0,0.0,0.0,0.0,0.0,0.0,0.0,25.0,0.0,0.0,LA SALLE MANRESA S.GOL,LLUISOS DE GRACIA A - VERDI SUBMINISTRAMENTS,False,-1.0
LA SALLE MANRESA S.GOL Equipo,Jornada 04,1.0,200.0,65.0,17.0,45.0,0.38,8.0,30.0,0.27,7.0,14.0,0.5,0.0,0.0,0.0,0.0,0.0,0.0,0.0,0.0,0.0,22.0,0.0,0.0,LA SALLE MANRESA S.GOL,BASQUET MOLINS,True,7.0
LA SALLE MANRESA S.GOL Equipo,Jornada 05,1.0,200.0,89.0,23.0,34.0,0.68,7.0,22.0,0.32,22.0,29.0,0.76,0.0,0.0,0.0,0.0,0.0,0.0,0.0,0.0,0.0,14.0,0.0,0.0,CLUB NATACIO SABADELL A,LA SALLE MANRESA S.GOL,True,18.0
LA SALLE MANRESA S.GOL Equipo,Jornada 07,1.0,200.0,74.0,17.0,36.0,0.47,8.0,24.0,0.33,16.0,21.0,0.76,0.0,0.0,0.0,0.0,0.0,0.0,0.0,0.0,0.0,15.0,0.0,0.0,SD ESPANYOL,LA SALLE MANRESA S.GOL,False,-8.0
LA SALLE MANRESA S.GOL Equipo,Jornada 07,1.0,200.0,78.0,19.0,44.0,0.43,9.0,28.0,0.32,13.0,18.0,0.72,0.0,0.0,0.0,0.0,0.0,0.0,0.0,0.0,0.0,17.0,0.0,0.0,LA SALLE MANRESA S.GOL,GRUP VIA - CB ARTES,False,-8.0
LA SALLE MANRESA S.GOL Equipo,Jornada 08,1.0,200.0,73.0,17.0,34.0,0.5,10.0,33.0,0.3,9.0,11.0,0.82,0.0,0.0,0.0,0.0,0.0,0.0,0.0,0.0,0.0,21.0,0.0,0.0,LA SALLE MANRESA S.GOL,COCHESINTERNET.NET CB ALPICAT,False,-8.0
LA SALLE MANRESA S.GOL Equipo,Jornada 10,1.0,200.0,73.0,19.0,40.0,0.47,8.0,33.0,0.24,11.0,16.0,0.69,0.0,0.0,0.0,0.0,0.0,0.0,0.0,0.0,0.0,18.0,0.0,0.0,LA SALLE MANRESA S.GOL,TERRA ENDINS CB VILATORRADA,False,-3.0
LA SALLE MANRESA S.GOL Equipo,Jornada 10,1.0,200.0,75.0,17.0,34.0,0.5,10.0,32.0,0.31,11.0,16.0,0.69,0.0,0.0,0.0,0.0,0.0,0.0,0.0,0.0,0.0,13.0,0.0,0.0,C.B.CASTELLAR A,LA SALLE MANRESA S.GOL,True,18.0
LA SALLE MANRESA S.GOL Equipo,Jornada 11,1.0,200.0,59.0,16.0,32.0,0.5,7.0,28.0,0.25,6.0,13.0,0.46,0.0,0.0,0.0,0.0,0.0,0.0,0.0,0.0,0.0,10.0,0.0,0.0,CLUB NATACIO TERRASSA A,LA SALLE MANRESA S.GOL,True,3.0
LA SALLE MANRESA S.GOL Equipo Rival,Jornada 01,1.0,200.0,74.0,16.0,31.0,0.52,9.0,26.0,0.35,15.0,23.0,0.65,0.0,0.0,0.0,0.0,0.0,0.0,0.0,0.0,0.0,16.0,0.0,0.0,LA SALLE MANRESA S.GOL,VEDRUNA GRACIA A,True,7.0
LA SALLE MANRESA S.GOL Equipo Rival,Jornada 02,1.0,200.0,65.0,23.0,55.0,0.42,3.0,18.0,0.17,10.0,17.0,0.59,0.0,0.0,0.0,0.0,0.0,0.0,0.0,0.0,0.0,22.0,0.0,0.0,PUJOL CB MOLLERUSSA,LA SALLE MANRESA S.GOL,False,-16.0
LA SALLE MANRESA S.GOL Equipo Rival,Jornada 03,1.0,200.0,64.0,14.0,28.0,0.5,8.0,30.0,0.27,12.0,22.0,0.55,0.0,0.0,0.0,0.0,0.0,0.0,0.0,0.0,0.0,21.0,0.0,0.0,LLUISOS DE GRACIA A - VERDI SUBMINISTRAMENTS,LA SALLE MANRESA S.GOL,True,1.0
LA SALLE MANRESA S.GOL Equipo Rival,Jornada 03,1.0,200.0,74.0,22.0,48.0,0.46,6.0,15.0,0.4,12.0,19.0,0.63,0.0,0.0,0.0,0.0,0.0,0.0,0.0,0.0,0.0,22.0,0.0,0.0,LA SALLE MANRESA S.GOL,NOU BASQUET OLESA A,False,-2.0
LA SALLE MANRESA S.GOL Equipo Rival,Jornada 04,1.0,200.0,58.0,16.0,40.0,0.4,3.0,19.0,0.16,17.0,20.0,0.85,0.0,0.0,0.0,0.0,0.0,0.0,0.0,0.0,0.0,17.0,0.0,0.0,BASQUET MOLINS,LA SALLE MANRESA S.GOL,False,-7.0
LA SALLE MANRESA S.GOL Equipo Rival,Jornada 05,1.0,200.0,71.0,21.0,55.0,0.38,9.0,24.0,0.38,2.0,8.0,0.25,0.0,0.0,0.0,0.0,0.0,0.0,0.0,0.0,0.0,24.0,0.0,0.0,LA SALLE MANRESA S.GOL,CLUB NATACIO SABADELL A,False,-18.0
LA SALLE MANRESA S.GOL Equipo Rival,Jornada 07,1.0,200.0,82.0,27.0,57.0,0.47,8.0,24.0,0.33,4.0,10.0,0.4,0.0,0.0,0.0,0.0,0.0,0.0,0.0,0.0,0.0,21.0,0.0,0.0,LA SALLE MANRESA S.GOL,SD ESPANYOL,True,8.0
LA SALLE MANRESA S.GOL Equipo Rival,Jornada 07,1.0,200.0,86.0,23.0,36.0,0.64,11.0,31.0,0.35,7.0,13.0,0.54,0.0,0.0,0.0,0.0,0.0,0.0,0.0,0.0,0.0,20.0,0.0,0.0,GRUP VIA - CB ARTES,LA SALLE MANRESA S.GOL,True,8.0
LA SALLE MANRESA S.GOL Equipo Rival,Jornada 08,1.0,200.0,81.0,24.0,45.0,0.53,7.0,23.0,0.3,12.0,19.0,0.63,0.0,0.0,0.0,0.0,0.0,0.0,0.0,0.0,0.0,19.0,0.0,0.0,COCHESINTERNET.NET CB ALPICAT,LA SALLE MANRESA S.GOL,True,8.0
LA SALLE MANRESA S.GOL Equipo Rival,Jornada 10,1.0,200.0,57.0,19.0,41.0,0.46,6.0,30.0,0.2,1.0,3.0,0.33,0.0,0.0,0.0,0.0,0.0,0.0,0.0,0.0,0.0,17.0,0.0,0.0,LA SALLE MANRESA S.GOL,C.B.CASTELLAR A,False,-18.0
LA SALLE MANRESA S.GOL Equipo Rival,Jornada 10,1.0,200.0,76.0,18.0,39.0,0.46,8.0,26.0,0.31,16.0,28.0,0.57,0.0,0.0,0.0,0.0,0.0,0.0,0.0,0.0,0.0,15.0,0.0,0.0,TERRA ENDINS CB VILATORRADA,LA SALLE MANRESA S.GOL,True,3.0
LA SALLE MANRESA S.GOL Equipo Rival,Jornada 11,1.0,200.0,56.0,20.0,46.0,0.43,5.0,21.0,0.24,1.0,4.0,0.25,0.0,0.0,0.0,0.0,0.0,0.0,0.0,0.0,0.0,11.0,0.0,0.0,LA SALLE MANRESA S.GOL,CLUB NATACIO TERRASSA A,False,-3.0
LLUISOS DE GRACIA A - VERDI SUBMINISTRAMENTS Equipo,Jornada 01,1.0,200.0,48.0,9.0,30.0,0.3,4.0,24.0,0.17,18.0,27.0,0.67,0.0,0.0,0.0,0.0,0.0,0.0,0.0,0.0,0.0,16.0,0.0,0.0,LLUISOS DE GRACIA A - VERDI SUBMINISTRAMENTS,COCHESINTERNET.NET CB ALPICAT,False,-31.0
LLUISOS DE GRACIA A - VERDI SUBMINISTRAMENTS Equipo,Jornada 02,1.0,200.0,68.0,17.0,47.0,0.36,5.0,16.0,0.31,19.0,23.0,0.83,0.0,0.0,0.0,0.0,0.0,0.0,0.0,0.0,0.0,24.0,0.0,0.0,NOU BASQUET OLESA A,LLUISOS DE GRACIA A - VERDI SUBMINISTRAMENTS,False,-6.0
LLUISOS DE GRACIA A - VERDI SUBMINISTRAMENTS Equipo,Jornada 03,1.0,200.0,63.0,17.0,40.0,0.42,4.0,14.0,0.29,17.0,24.0,0.71,0.0,0.0,0.0,0.0,0.0,0.0,0.0,0.0,0.0,18.0,0.0,0.0,LLUISOS DE GRACIA A - VERDI SUBMINISTRAMENTS,C.B.CASTELLAR A,True,5.0
LLUISOS DE GRACIA A - VERDI SUBMINISTRAMENTS Equipo,Jornada 03,1.0,200.0,64.0,14.0,28.0,0.5,8.0,30.0,0.27,12.0,22.0,0.55,0.0,0.0,0.0,0.0,0.0,0.0,0.0,0.0,0.0,21.0,0.0,0.0,LA SALLE MANRESA S.GOL,LLUISOS DE GRACIA A - VERDI SUBMINISTRAMENTS,True,1.0
LLUISOS DE GRACIA A - VERDI SUBMINISTRAMENTS Equipo,Jornada 05,1.0,200.0,79.0,22.0,37.0,0.59,6.0,20.0,0.3,17.0,25.0,0.68,0.0,0.0,0.0,0.0,0.0,0.0,0.0,0.0,0.0,20.0,0.0,0.0,LLUISOS DE GRACIA A - VERDI SUBMINISTRAMENTS,TERRA ENDINS CB VILATORRADA,True,18.0
LLUISOS DE GRACIA A - VERDI SUBMINISTRAMENTS Equipo,Jornada 06,1.0,200.0,49.0,12.0,41.0,0.29,3.0,27.0,0.11,16.0,21.0,0.76,0.0,0.0,0.0,0.0,0.0,0.0,0.0,0.0,0.0,20.0,0.0,0.0,BASQUET MOLINS,LLUISOS DE GRACIA A - VERDI SUBMINISTRAMENTS,False,-7.0
LLUISOS DE GRACIA A - VERDI SUBMINISTRAMENTS Equipo,Jornada 07,1.0,200.0,78.0,16.0,30.0,0.53,6.0,22.0,0.27,28.0,42.0,0.67,0.0,0.0,0.0,0.0,0.0,0.0,0.0,0.0,0.0,25.0,0.0,0.0,CLUB NATACIO SABADELL A,LLUISOS DE GRACIA A - VERDI SUBMINISTRAMENTS,True,13.0
LLUISOS DE GRACIA A - VERDI SUBMINISTRAMENTS Equipo,Jornada 09,1.0,200.0,61.0,11.0,34.0,0.32,7.0,27.0,0.26,18.0,26.0,0.69,0.0,0.0,0.0,0.0,0.0,0.0,0.0,0.0,0.0,19.0,0.0,0.0,LLUISOS DE GRACIA A - VERDI SUBMINISTRAMENTS,CB IPSI A,True,12.0
LLUISOS DE GRACIA A - VERDI SUBMINISTRAMENTS Equipo,Jornada 10,1.0,200.0,51.0,17.0,46.0,0.37,0.0,21.0,0.0,17.0,24.0,0.71,0.0,0.0,0.0,0.0,0.0,0.0,0.0,0.0,0.0,27.0,0.0,0.0,LLUISOS DE GRACIA A - VERDI SUBMINISTRAMENTS,GRUP VIA - CB ARTES,False,-16.0
LLUISOS DE GRACIA A - VERDI SUBMINISTRAMENTS Equipo,Jornada 11,1.0,200.0,87.0,24.0,44.0,0.55,6.0,18.0,0.33,21.0,33.0,0.64,0.0,0.0,0.0,0.0,0.0,0.0,0.0,0.0,0.0,27.0,0.0,0.0,LLUISOS DE GRACIA A - VERDI SUBMINISTRAMENTS,VEDRUNA GRACIA A,True,33.0
LLUISOS DE GRACIA A - VERDI SUBMINISTRAMENTS Equipo,Jornada 11,1.0,200.0,63.0,12.0,34.0,0.35,8.0,23.0,0.35,15.0,20.0,0.75,0.0,0.0,0.0,0.0,0.0,0.0,0.0,0.0,0.0,20.0,0.0,0.0,LLUISOS DE GRACIA A - VERDI SUBMINISTRAMENTS,SD ESPANYOL,True,5.0
LLUISOS DE GRACIA A - VERDI SUBMINISTRAMENTS Equipo Rival,Jornada 01,1.0,200.0,79.0,20.0,38.0,0.53,10.0,22.0,0.45,9.0,16.0,0.56,0.0,0.0,0.0,0.0,0.0,0.0,0.0,0.0,0.0,26.0,0.0,0.0,COCHESINTERNET.NET CB ALPICAT,LLUISOS DE GRACIA A - VERDI SUBMINISTRAMENTS,True,31.0
LLUISOS DE GRACIA A - VERDI SUBMINISTRAMENTS Equipo Rival,Jornada 02,1.0,200.0,74.0,22.0,44.0,0.5,5.0,11.0,0.45,15.0,20.0,0.75,0.0,0.0,0.0,0.0,0.0,0.0,0.0,0.0,0.0,28.0,0.0,0.0,LLUISOS DE GRACIA A - VERDI SUBMINISTRAMENTS,NOU BASQUET OLESA A,True,6.0
LLUISOS DE GRACIA A - VERDI SUBMINISTRAMENTS Equipo Rival,Jornada 03,1.0,200.0,63.0,12.0,27.0,0.44,8.0,23.0,0.35,15.0,19.0,0.79,0.0,0.0,0.0,0.0,0.0,0.0,0.0,0.0,0.0,25.0,0.0,0.0,LLUISOS DE GRACIA A - VERDI SUBMINISTRAMENTS,LA SALLE MANRESA S.GOL,False,-1.0
LLUISOS DE GRACIA A - VERDI SUBMINISTRAMENTS Equipo Rival,Jornada 03,1.0,200.0,58.0,9.0,24.0,0.38,11.0,38.0,0.29,7.0,7.0,1.0,0.0,0.0,0.0,0.0,0.0,0.0,0.0,0.0,0.0,23.0,0.0,0.0,C.B.CASTELLAR A,LLUISOS DE GRACIA A - VERDI SUBMINISTRAMENTS,False,-5.0
LLUISOS DE GRACIA A - VERDI SUBMINISTRAMENTS Equipo Rival,Jornada 05,1.0,200.0,61.0,15.0,42.0,0.36,8.0,27.0,0.3,7.0,18.0,0.39,0.0,0.0,0.0,0.0,0.0,0.0,0.0,0.0,0.0,23.0,0.0,0.0,TERRA ENDINS CB VILATORRADA,LLUISOS DE GRACIA A - VERDI SUBMINISTRAMENTS,False,-18.0
LLUISOS DE GRACIA A - VERDI SUBMINISTRAMENTS Equipo Rival,Jornada 06,1.0,200.0,56.0,10.0,26.0,0.38,6.0,22.0,0.27,18.0,27.0,0.67,0.0,0.0,0.0,0.0,0.0,0.0,0.0,0.0,0.0,20.0,0.0,0.0,LLUISOS DE GRACIA A - VERDI SUBMINISTRAMENTS,BASQUET MOLINS,True,7.0
LLUISOS DE GRACIA A - VERDI SUBMINISTRAMENTS Equipo Rival,Jornada 07,1.0,200.0,65.0,16.0,39.0,0.41,5.0,23.0,0.22,18.0,29.0,0.62,0.0,0.0,0.0,0.0,0.0,0.0,0.0,0.0,0.0,37.0,0.0,0.0,LLUISOS DE GRACIA A - VERDI SUBMINISTRAMENTS,CLUB NATACIO SABADELL A,False,-13.0
LLUISOS DE GRACIA A - VERDI SUBMINISTRAMENTS Equipo Rival,Jornada 09,1.0,200.0,49.0,15.0,46.0,0.33,1.0,21.0,0.05,16.0,21.0,0.76,0.0,0.0,0.0,0.0,0.0,0.0,0.0,0.0,0.0,23.0,0.0,0.0,CB IPSI A,LLUISOS DE GRACIA A - VERDI SUBMINISTRAMENTS,False,-12.0
LLUISOS DE GRACIA A - VERDI SUBMINISTRAMENTS Equipo Rival,Jornada 10,1.0,200.0,67.0,17.0,31.0,0.55,6.0,20.0,0.3,15.0,27.0,0.56,0.0,0.0,0.0,0.0,0.0,0.0,0.0,0.0,0.0,24.0,0.0,0.0,GRUP VIA - CB ARTES,LLUISOS DE GRACIA A - VERDI SUBMINISTRAMENTS,True,16.0
LLUISOS DE GRACIA A - VERDI SUBMINISTRAMENTS Equipo Rival,Jornada 11,1.0,200.0,58.0,12.0,28.0,0.43,8.0,29.0,0.28,10.0,15.0,0.67,0.0,0.0,0.0,0.0,0.0,0.0,0.0,0.0,0.0,21.0,0.0,0.0,SD ESPANYOL,LLUISOS DE GRACIA A - VERDI SUBMINISTRAMENTS,False,-5.0
LLUISOS DE GRACIA A - VERDI SUBMINISTRAMENTS Equipo Rival,Jornada 11,1.0,200.0,54.0,13.0,38.0,0.34,5.0,25.0,0.2,13.0,23.0,0.57,0.0,0.0,0.0,0.0,0.0,0.0,0.0,0.0,0.0,27.0,0.0,0.0,VEDRUNA GRACIA A,LLUISOS DE GRACIA A - VERDI SUBMINISTRAMENTS,False,-33.0
NOU BASQUET OLESA A Equipo,Jornada 02,1.0,200.0,74.0,22.0,44.0,0.5,5.0,11.0,0.45,15.0,20.0,0.75,0.0,0.0,0.0,0.0,0.0,0.0,0.0,0.0,0.0,28.0,0.0,0.0,NOU BASQUET OLESA A,LLUISOS DE GRACIA A - VERDI SUBMINISTRAMENTS,True,6.0
NOU BASQUET OLESA A Equipo,Jornada 03,1.0,200.0,74.0,22.0,48.0,0.46,6.0,15.0,0.4,12.0,19.0,0.63,0.0,0.0,0.0,0.0,0.0,0.0,0.0,0.0,0.0,22.0,0.0,0.0,NOU BASQUET OLESA A,LA SALLE MANRESA S.GOL,False,-2.0
NOU BASQUET OLESA A Equipo,Jornada 04,1.0,200.0,62.0,14.0,31.0,0.45,7.0,22.0,0.32,13.0,21.0,0.62,0.0,0.0,0.0,0.0,0.0,0.0,0.0,0.0,0.0,14.0,0.0,0.0,BASQUET MOLINS,NOU BASQUET OLESA A,True,9.0
NOU BASQUET OLESA A Equipo,Jornada 05,1.0,200.0,70.0,18.0,29.0,0.62,7.0,27.0,0.26,13.0,27.0,0.48,0.0,0.0,0.0,0.0,0.0,0.0,0.0,0.0,0.0,25.0,0.0,0.0,NOU BASQUET OLESA A,CLUB NATACIO SABADELL A,True,2.0
NOU BASQUET OLESA A Equipo,Jornada 06,1.0,200.0,61.0,20.0,47.0,0.43,2.0,16.0,0.12,15.0,29.0,0.52,0.0,0.0,0.0,0.0,0.0,0.0,0.0,0.0,0.0,13.0,0.0,0.0,GRUP VIA - CB ARTES,NOU BASQUET OLESA A,False,-21.0
NOU BASQUET OLESA A Equipo,Jornada 07,1.0,200.0,74.0,28.0,51.0,0.55,3.0,15.0,0.2,9.0,14.0,0.64,0.0,0.0,0.0,0.0,0.0,0.0,0.0,0.0,0.0,21.0,0.0,0.0,NOU BASQUET OLESA A,SD ESPANYOL,True,17.0
NOU BASQUET OLESA A Equipo,Jornada 08,1.0,200.0,76.0,23.0,43.0,0.53,5.0,16.0,0.31,15.0,25.0,0.6,0.0,0.0,0.0,0.0,0.0,0.0,0.0,0.0,0.0,25.0,0.0,0.0,COCHESINTERNET.NET CB ALPICAT,NOU BASQUET OLESA A,False,-6.0
NOU BASQUET OLESA A Equipo,Jornada 08,1.0,200.0,83.0,24.0,41.0,0.59,8.0,24.0,0.33,11.0,17.0,0.65,0.0,0.0,0.0,0.0,0.0,0.0,0.0,0.0,0.0,17.0,0.0,0.0,NOU BASQUET OLESA A,C.B.CASTELLAR A,True,28.0
NOU BASQUET OLESA A Equipo,Jornada 10,1.0,200.0,82.0,22.0,47.0,0.47,7.0,11.0,0.64,17.0,30.0,0.57,0.0,0.0,0.0,0.0,0.0,0.0,0.0,0.0,0.0,12.0,0.0,0.0,NOU BASQUET OLESA A,CLUB NATACIO TERRASSA A,True,30.0
NOU BASQUET OLESA A Equipo,Jornada 10,1.0,200.0,68.0,20.0,36.0,0.56,6.0,20.0,0.3,10.0,17.0,0.59,0.0,0.0,0.0,0.0,0.0,0.0,0.0,0.0,0.0,18.0,0.0,0.0,TERRA ENDINS CB VILATORRADA,NOU BASQUET OLESA A,True,5.0
NOU BASQUET OLESA A Equipo,Jornada 11,1.0,200.0,74.0,24.0,40.0,0.6,4.0,16.0,0.25,14.0,19.0,0.74,0.0,0.0,0.0,0.0,0.0,0.0,0.0,0.0,0.0,26.0,0.0,0.0,CB IPSI A,NOU BASQUET OLESA A,True,6.0
NOU BASQUET OLESA A Equipo Rival,Jornada 02,1.0,200.0,68.0,17.0,47.0,0.36,5.0,16.0,0.31,19.0,23.0,0.83,0.0,0.0,0.0,0.0,0.0,0.0,0.0,0.0,0.0,24.0,0.0,0.0,LLUISOS DE GRACIA A - VERDI SUBMINISTRAMENTS,NOU BASQUET OLESA A,False,-6.0
NOU BASQUET OLESA A Equipo Rival,Jornada 03,1.0,200.0,76.0,21.0,43.0,0.49,8.0,30.0,0.27,10.0,20.0,0.5,0.0,0.0,0.0,0.0,0.0,0.0,0.0,0.0,0.0,24.0,0.0,0.0,LA SALLE MANRESA S.GOL,NOU BASQUET OLESA A,True,2.0
NOU BASQUET OLESA A Equipo Rival,Jornada 04,1.0,200.0,53.0,12.0,41.0,0.29,8.0,24.0,0.33,5.0,8.0,0.62,0.0,0.0,0.0,0.0,0.0,0.0,0.0,0.0,0.0,19.0,0.0,0.0,NOU BASQUET OLESA A,BASQUET MOLINS,False,-9.0
NOU BASQUET OLESA A Equipo Rival,Jornada 05,1.0,200.0,68.0,14.0,48.0,0.29,9.0,25.0,0.36,13.0,20.0,0.65,0.0,0.0,0.0,0.0,0.0,0.0,0.0,0.0,0.0,25.0,0.0,0.0,CLUB NATACIO SABADELL A,NOU BASQUET OLESA A,False,-2.0
NOU BASQUET OLESA A Equipo Rival,Jornada 06,1.0,200.0,82.0,19.0,32.0,0.59,13.0,35.0,0.37,5.0,9.0,0.56,0.0,0.0,0.0,0.0,0.0,0.0,0.0,0.0,0.0,28.0,0.0,0.0,NOU BASQUET OLESA A,GRUP VIA - CB ARTES,True,21.0
NOU BASQUET OLESA A Equipo Rival,Jornada 07,1.0,200.0,57.0,21.0,44.0,0.48,1.0,20.0,0.05,12.0,22.0,0.55,0.0,0.0,0.0,0.0,0.0,0.0,0.0,0.0,0.0,18.0,0.0,0.0,SD ESPANYOL,NOU BASQUET OLESA A,False,-17.0
NOU BASQUET OLESA A Equipo Rival,Jornada 08,1.0,200.0,55.0,16.0,39.0,0.41,4.0,20.0,0.2,11.0,13.0,0.85,0.0,0.0,0.0,0.0,0.0,0.0,0.0,0.0,0.0,20.0,0.0,0.0,C.B.CASTELLAR A,NOU BASQUET OLESA A,False,-28.0
NOU BASQUET OLESA A Equipo Rival,Jornada 08,1.0,200.0,82.0,24.0,43.0,0.56,6.0,28.0,0.21,16.0,28.0,0.57,0.0,0.0,0.0,0.0,0.0,0.0,0.0,0.0,0.0,27.0,0.0,0.0,NOU BASQUET OLESA A,COCHESINTERNET.NET CB ALPICAT,True,6.0
NOU BASQUET OLESA A Equipo Rival,Jornada 10,1.0,200.0,52.0,14.0,39.0,0.36,7.0,14.0,0.5,3.0,9.0,0.33,0.0,0.0,0.0,0.0,0.0,0.0,0.0,0.0,0.0,23.0,0.0,0.0,CLUB NATACIO TERRASSA A,NOU BASQUET OLESA A,False,-30.0
NOU BASQUET OLESA A Equipo Rival,Jornada 10,1.0,200.0,63.0,20.0,40.0,0.5,5.0,26.0,0.19,8.0,16.0,0.5,0.0,0.0,0.0,0.0,0.0,0.0,0.0,0.0,0.0,19.0,0.0,0.0,NOU BASQUET OLESA A,TERRA ENDINS CB VILATORRADA,False,-5.0
NOU BASQUET OLESA A Equipo Rival,Jornada 11,1.0,200.0,68.0,19.0,42.0,0.45,4.0,26.0,0.15,18.0,29.0,0.62,0.0,0.0,0.0,0.0,0.0,0.0,0.0,0.0,0.0,21.0,0.0,0.0,NOU BASQUET OLESA A,CB IPSI A,False,-6.0
PUJOL CB MOLLERUSSA Equipo,Jornada 02,1.0,200.0,65.0,23.0,55.0,0.42,3.0,18.0,0.17,10.0,17.0,0.59,0.0,0.0,0.0,0.0,0.0,0.0,0.0,0.0,0.0,22.0,0.0,0.0,LA SALLE MANRESA S.GOL,PUJOL CB MOLLERUSSA,False,-16.0
PUJOL CB MOLLERUSSA Equipo,Jornada 03,1.0,200.0,72.0,11.0,29.0,0.38,11.0,37.0,0.3,17.0,25.0,0.68,0.0,0.0,0.0,0.0,0.0,0.0,0.0,0.0,0.0,26.0,0.0,0.0,PUJOL CB MOLLERUSSA,BASQUET MOLINS,True,3.0
PUJOL CB MOLLERUSSA Equipo,Jornada 04,1.0,200.0,59.0,17.0,36.0,0.47,2.0,20.0,0.1,19.0,34.0,0.56,0.0,0.0,0.0,0.0,0.0,0.0,0.0,0.0,0.0,24.0,0.0,0.0,CLUB NATACIO SABADELL A,PUJOL CB MOLLERUSSA,False,-33.0
PUJOL CB MOLLERUSSA Equipo,Jornada 05,1.0,200.0,52.0,14.0,51.0,0.27,4.0,20.0,0.2,12.0,16.0,0.75,0.0,0.0,0.0,0.0,0.0,0.0,0.0,0.0,0.0,16.0,0.0,0.0,PUJOL CB MOLLERUSSA,GRUP VIA - CB ARTES,False,-22.0
PUJOL CB MOLLERUSSA Equipo,Jornada 06,1.0,200.0,69.0,20.0,46.0,0.43,5.0,18.0,0.28,14.0,20.0,0.7,0.0,0.0,0.0,0.0,0.0,0.0,0.0,0.0,0.0,24.0,0.0,0.0,SD ESPANYOL,PUJOL CB MOLLERUSSA,False,-18.0
PUJOL CB MOLLERUSSA Equipo,Jornada 07,1.0,200.0,63.0,17.0,37.0,0.46,4.0,20.0,0.2,17.0,25.0,0.68,0.0,0.0,0.0,0.0,0.0,0.0,0.0,0.0,0.0,18.0,0.0,0.0,PUJOL CB MOLLERUSSA,COCHESINTERNET.NET CB ALPICAT,False,-4.0
PUJOL CB MOLLERUSSA Equipo,Jornada 08,1.0,200.0,64.0,15.0,39.0,0.38,7.0,18.0,0.39,13.0,21.0,0.62,0.0,0.0,0.0,0.0,0.0,0.0,0.0,0.0,0.0,13.0,0.0,0.0,C.B.CASTELLAR A,PUJOL CB MOLLERUSSA,True,9.0
PUJOL CB MOLLERUSSA Equipo,Jornada 09,1.0,200.0,62.0,13.0,35.0,0.37,7.0,25.0,0.28,15.0,26.0,0.58,0.0,0.0,0.0,0.0,0.0,0.0,0.0,0.0,0.0,24.0,0.0,0.0,PUJOL CB MOLLERUSSA,TERRA ENDINS CB VILATORRADA,True,3.0
PUJOL CB MOLLERUSSA Equipo,Jornada 10,1.0,225.0,64.0,13.0,38.0,0.34,7.0,24.0,0.29,17.0,31.0,0.55,0.0,0.0,0.0,0.0,0.0,0.0,0.0,0.0,0.0,20.0,0.0,0.0,CLUB NATACIO TERRASSA A,PUJOL CB MOLLERUSSA,False,-2.0
PUJOL CB MOLLERUSSA Equipo,Jornada 11,1.0,200.0,67.0,17.0,40.0,0.42,6.0,24.0,0.25,15.0,20.0,0.75,0.0,0.0,0.0,0.0,0.0,0.0,0.0,0.0,0.0,16.0,0.0,0.0,VEDRUNA GRACIA A,PUJOL CB MOLLERUSSA,False,-9.0
PUJOL CB MOLLERUSSA Equipo Rival,Jornada 02,1.0,200.0,81.0,20.0,41.0,0.49,10.0,29.0,0.34,11.0,20.0,0.55,0.0,0.0,0.0,0.0,0.0,0.0,0.0,0.0,0.0,19.0,0.0,0.0,PUJOL CB MOLLERUSSA,LA SALLE MANRESA S.GOL,True,16.0
PUJOL CB MOLLERUSSA Equipo Rival,Jornada 03,1.0,200.0,69.0,16.0,29.0,0.55,5.0,29.0,0.17,22.0,31.0,0.71,0.0,0.0,0.0,0.0,0.0,0.0,0.0,0.0,0.0,23.0,0.0,0.0,BASQUET MOLINS,PUJOL CB MOLLERUSSA,False,-3.0
PUJOL CB MOLLERUSSA Equipo Rival,Jornada 04,1.0,200.0,92.0,19.0,34.0,0.56,12.0,31.0,0.39,18.0,27.0,0.67,0.0,0.0,0.0,0.0,0.0,0.0,0.0,0.0,0.0,27.0,0.0,0.0,PUJOL CB MOLLERUSSA,CLUB NATACIO SABADELL A,True,33.0
PUJOL CB MOLLERUSSA Equipo Rival,Jornada 05,1.0,200.0,74.0,11.0,23.0,0.48,14.0,30.0,0.47,10.0,19.0,0.53,0.0,0.0,0.0,0.0,0.0,0.0,0.0,0.0,0.0,14.0,0.0,0.0,GRUP VIA - CB ARTES,PUJOL CB MOLLERUSSA,True,22.0
PUJOL CB MOLLERUSSA Equipo Rival,Jornada 06,1.0,200.0,87.0,21.0,41.0,0.51,9.0,28.0,0.32,18.0,27.0,0.67,0.0,0.0,0.0,0.0,0.0,0.0,0.0,0.0,0.0,23.0,0.0,0.0,PUJOL CB MOLLERUSSA,SD ESPANYOL,True,18.0
PUJOL CB MOLLERUSSA Equipo Rival,Jornada 07,1.0,200.0,67.0,18.0,40.0,0.45,8.0,41.0,0.2,7.0,15.0,0.47,0.0,0.0,0.0,0.0,0.0,0.0,0.0,0.0,0.0,19.0,0.0,0.0,COCHESINTERNET.NET CB ALPICAT,PUJOL CB MOLLERUSSA,True,4.0
PUJOL CB MOLLERUSSA Equipo Rival,Jornada 08,1.0,200.0,55.0,14.0,36.0,0.39,8.0,46.0,0.17,3.0,3.0,1.0,0.0,0.0,0.0,0.0,0.0,0.0,0.0,0.0,0.0,19.0,0.0,0.0,PUJOL CB MOLLERUSSA,C.B.CASTELLAR A,False,-9.0
PUJOL CB MOLLERUSSA Equipo Rival,Jornada 09,1.0,200.0,59.0,14.0,30.0,0.47,6.0,29.0,0.21,13.0,22.0,0.59,0.0,0.0,0.0,0.0,0.0,0.0,0.0,0.0,0.0,26.0,0.0,0.0,TERRA ENDINS CB VILATORRADA,PUJOL CB MOLLERUSSA,False,-3.0
PUJOL CB MOLLERUSSA Equipo Rival,Jornada 10,1.0,225.0,66.0,19.0,42.0,0.45,5.0,27.0,0.19,13.0,21.0,0.62,0.0,0.0,0.0,0.0,0.0,0.0,0.0,0.0,0.0,27.0,0.0,0.0,PUJOL CB MOLLERUSSA,CLUB NATACIO TERRASSA A,True,2.0
PUJOL CB MOLLERUSSA Equipo Rival,Jornada 11,1.0,200.0,76.0,17.0,32.0,0.53,10.0,29.0,0.34,12.0,15.0,0.8,0.0,0.0,0.0,0.0,0.0,0.0,0.0,0.0,0.0,23.0,0.0,0.0,PUJOL CB MOLLERUSSA,VEDRUNA GRACIA A,True,9.0
SD ESPANYOL Equipo,Jornada 01,1.0,200.0,64.0,19.0,35.0,0.54,3.0,22.0,0.14,17.0,33.0,0.52,0.0,0.0,0.0,0.0,0.0,0.0,0.0,0.0,0.0,15.0,0.0,0.0,C.B.CASTELLAR A,SD ESPANYOL,True,6.0
SD ESPANYOL Equipo,Jornada 02,1.0,200.0,75.0,25.0,41.0,0.61,3.0,25.0,0.12,16.0,24.0,0.67,0.0,0.0,0.0,0.0,0.0,0.0,0.0,0.0,0.0,17.0,0.0,0.0,SD ESPANYOL,TERRA ENDINS CB VILATORRADA,True,9.0
SD ESPANYOL Equipo,Jornada 03,1.0,200.0,68.0,16.0,35.0,0.46,7.0,17.0,0.41,15.0,23.0,0.65,0.0,0.0,0.0,0.0,0.0,0.0,0.0,0.0,0.0,16.0,0.0,0.0,CLUB NATACIO TERRASSA A,SD ESPANYOL,True,4.0
SD ESPANYOL Equipo,Jornada 04,1.0,200.0,63.0,15.0,39.0,0.38,6.0,29.0,0.21,15.0,24.0,0.62,0.0,0.0,0.0,0.0,0.0,0.0,0.0,0.0,0.0,26.0,0.0,0.0,SD ESPANYOL,CB IPSI A,False,-2.0
SD ESPANYOL Equipo,Jornada 05,1.0,200.0,80.0,22.0,40.0,0.55,7.0,19.0,0.37,15.0,26.0,0.58,0.0,0.0,0.0,0.0,0.0,0.0,0.0,0.0,0.0,24.0,0.0,0.0,VEDRUNA GRACIA A,SD ESPANYOL,False,-1.0
SD ESPANYOL Equipo,Jornada 06,1.0,200.0,87.0,21.0,41.0,0.51,9.0,28.0,0.32,18.0,27.0,0.67,0.0,0.0,0.0,0.0,0.0,0.0,0.0,0.0,0.0,23.0,0.0,0.0,SD ESPANYOL,PUJOL CB MOLLERUSSA,True,18.0
SD ESPANYOL Equipo,Jornada 07,1.0,200.0,82.0,27.0,57.0,0.47,8.0,24.0,0.33,4.0,10.0,0.4,0.0,0.0,0.0,0.0,0.0,0.0,0.0,0.0,0.0,21.0,0.0,0.0,SD ESPANYOL,LA SALLE MANRESA S.GOL,True,8.0
SD ESPANYOL Equipo,Jornada 07,1.0,200.0,57.0,21.0,44.0,0.48,1.0,20.0,0.05,12.0,22.0,0.55,0.0,0.0,0.0,0.0,0.0,0.0,0.0,0.0,0.0,18.0,0.0,0.0,NOU BASQUET OLESA A,SD ESPANYOL,False,-17.0
SD ESPANYOL Equipo,Jornada 09,1.0,200.0,75.0,20.0,40.0,0.5,8.0,22.0,0.36,11.0,19.0,0.58,0.0,0.0,0.0,0.0,0.0,0.0,0.0,0.0,0.0,19.0,0.0,0.0,BASQUET MOLINS,SD ESPANYOL,True,14.0
SD ESPANYOL Equipo,Jornada 09,1.0,200.0,48.0,9.0,28.0,0.32,4.0,21.0,0.19,18.0,28.0,0.64,0.0,0.0,0.0,0.0,0.0,0.0,0.0,0.0,0.0,18.0,0.0,0.0,SD ESPANYOL,CLUB NATACIO SABADELL A,False,-7.0
SD ESPANYOL Equipo,Jornada 11,1.0,200.0,58.0,14.0,37.0,0.38,6.0,18.0,0.33,12.0,28.0,0.43,0.0,0.0,0.0,0.0,0.0,0.0,0.0,0.0,0.0,23.0,0.0,0.0,GRUP VIA - CB ARTES,SD ESPANYOL,True,5.0
SD ESPANYOL Equipo,Jornada 11,1.0,200.0,58.0,12.0,28.0,0.43,8.0,29.0,0.28,10.0,15.0,0.67,0.0,0.0,0.0,0.0,0.0,0.0,0.0,0.0,0.0,21.0,0.0,0.0,LLUISOS DE GRACIA A - VERDI SUBMINISTRAMENTS,SD ESPANYOL,False,-5.0
SD ESPANYOL Equipo Rival,Jornada 01,1.0,200.0,58.0,16.0,32.0,0.5,7.0,38.0,0.18,5.0,9.0,0.56,0.0,0.0,0.0,0.0,0.0,0.0,0.0,0.0,0.0,29.0,0.0,0.0,SD ESPANYOL,C.B.CASTELLAR A,False,-6.0
SD ESPANYOL Equipo Rival,Jornada 02,1.0,200.0,66.0,16.0,37.0,0.43,8.0,34.0,0.24,10.0,14.0,0.71,0.0,0.0,0.0,0.0,0.0,0.0,0.0,0.0,0.0,22.0,0.0,0.0,TERRA ENDINS CB VILATORRADA,SD ESPANYOL,False,-9.0
SD ESPANYOL Equipo Rival,Jornada 03,1.0,200.0,64.0,20.0,43.0,0.47,5.0,12.0,0.42,9.0,12.0,0.75,0.0,0.0,0.0,0.0,0.0,0.0,0.0,0.0,0.0,23.0,0.0,0.0,SD ESPANYOL,CLUB NATACIO TERRASSA A,False,-4.0
SD ESPANYOL Equipo Rival,Jornada 04,1.0,200.0,65.0,17.0,41.0,0.41,4.0,18.0,0.22,19.0,31.0,0.61,0.0,0.0,0.0,0.0,0.0,0.0,0.0,0.0,0.0,24.0,0.0,0.0,CB IPSI A,SD ESPANYOL,True,2.0
SD ESPANYOL Equipo Rival,Jornada 05,1.0,200.0,81.0,18.0,28.0,0.64,11.0,25.0,0.44,12.0,15.0,0.8,0.0,0.0,0.0,0.0,0.0,0.0,0.0,0.0,0.0,25.0,0.0,0.0,SD ESPANYOL,VEDRUNA GRACIA A,True,1.0
SD ESPANYOL Equipo Rival,Jornada 06,1.0,200.0,69.0,20.0,46.0,0.43,5.0,18.0,0.28,14.0,20.0,0.7,0.0,0.0,0.0,0.0,0.0,0.0,0.0,0.0,0.0,24.0,0.0,0.0,PUJOL CB MOLLERUSSA,SD ESPANYOL,False,-18.0
SD ESPANYOL Equipo Rival,Jornada 07,1.0,200.0,74.0,28.0,51.0,0.55,3.0,15.0,0.2,9.0,14.0,0.64,0.0,0.0,0.0,0.0,0.0,0.0,0.0,0.0,0.0,21.0,0.0,0.0,SD ESPANYOL,NOU BASQUET OLESA A,True,17.0
SD ESPANYOL Equipo Rival,Jornada 07,1.0,200.0,74.0,17.0,36.0,0.47,8.0,24.0,0.33,16.0,21.0,0.76,0.0,0.0,0.0,0.0,0.0,0.0,0.0,0.0,0.0,15.0,0.0,0.0,LA SALLE MANRESA S.GOL,SD ESPANYOL,False,-8.0
SD ESPANYOL Equipo Rival,Jornada 09,1.0,200.0,61.0,14.0,36.0,0.39,8.0,25.0,0.32,9.0,17.0,0.53,0.0,0.0,0.0,0.0,0.0,0.0,0.0,0.0,0.0,22.0,0.0,0.0,SD ESPANYOL,BASQUET MOLINS,False,-14.0
SD ESPANYOL Equipo Rival,Jornada 09,1.0,200.0,55.0,18.0,43.0,0.42,4.0,22.0,0.18,7.0,12.0,0.58,0.0,0.0,0.0,0.0,0.0,0.0,0.0,0.0,0.0,22.0,0.0,0.0,CLUB NATACIO SABADELL A,SD ESPANYOL,True,7.0
SD ESPANYOL Equipo Rival,Jornada 11,1.0,200.0,53.0,17.0,28.0,0.61,3.0,34.0,0.09,10.0,16.0,0.62,0.0,0.0,0.0,0.0,0.0,0.0,0.0,0.0,0.0,20.0,0.0,0.0,SD ESPANYOL,GRUP VIA - CB ARTES,False,-5.0
SD ESPANYOL Equipo Rival,Jornada 11,1.0,200.0,63.0,12.0,34.0,0.35,8.0,23.0,0.35,15.0,20.0,0.75,0.0,0.0,0.0,0.0,0.0,0.0,0.0,0.0,0.0,20.0,0.0,0.0,SD ESPANYOL,LLUISOS DE GRACIA A - VERDI SUBMINISTRAMENTS,True,5.0
TERRA ENDINS CB VILATORRADA Equipo,Jornada 01,1.0,200.0,73.0,21.0,55.0,0.38,7.0,25.0,0.28,10.0,15.0,0.67,0.0,0.0,0.0,0.0,0.0,0.0,0.0,0.0,0.0,20.0,0.0,0.0,TERRA ENDINS CB VILATORRADA,GRUP VIA - CB ARTES,True,3.0
TERRA ENDINS CB VILATORRADA Equipo,Jornada 02,1.0,200.0,66.0,16.0,37.0,0.43,8.0,34.0,0.24,10.0,14.0,0.71,0.0,0.0,0.0,0.0,0.0,0.0,0.0,0.0,0.0,22.0,0.0,0.0,SD ESPANYOL,TERRA ENDINS CB VILATORRADA,False,-9.0
TERRA ENDINS CB VILATORRADA Equipo,Jornada 02,1.0,200.0,75.0,16.0,42.0,0.38,6.0,33.0,0.18,25.0,36.0,0.69,0.0,0.0,0.0,0.0,0.0,0.0,0.0,0.0,0.0,21.0,0.0,0.0,TERRA ENDINS CB VILATORRADA,COCHESINTERNET.NET CB ALPICAT,True,7.0
TERRA ENDINS CB VILATORRADA Equipo,Jornada 04,1.0,200.0,87.0,23.0,44.0,0.52,9.0,27.0,0.33,14.0,22.0,0.64,0.0,0.0,0.0,0.0,0.0,0.0,0.0,0.0,0.0,18.0,0.0,0.0,C.B.CASTELLAR A,TERRA ENDINS CB VILATORRADA,False,-14.0
TERRA ENDINS CB VILATORRADA Equipo,Jornada 05,1.0,200.0,61.0,15.0,42.0,0.36,8.0,27.0,0.3,7.0,18.0,0.39,0.0,0.0,0.0,0.0,0.0,0.0,0.0,0.0,0.0,23.0,0.0,0.0,LLUISOS DE GRACIA A - VERDI SUBMINISTRAMENTS,TERRA ENDINS CB VILATORRADA,False,-18.0
TERRA ENDINS CB VILATORRADA Equipo,Jornada 06,1.0,200.0,57.0,11.0,42.0,0.26,7.0,31.0,0.23,14.0,23.0,0.61,0.0,0.0,0.0,0.0,0.0,0.0,0.0,0.0,0.0,23.0,0.0,0.0,CB IPSI A,TERRA ENDINS CB VILATORRADA,False,-19.0
TERRA ENDINS CB VILATORRADA Equipo,Jornada 06,1.0,200.0,65.0,16.0,48.0,0.33,5.0,17.0,0.29,18.0,26.0,0.69,0.0,0.0,0.0,0.0,0.0,0.0,0.0,0.0,0.0,13.0,0.0,0.0,TERRA ENDINS CB VILATORRADA,CLUB NATACIO TERRASSA A,True,6.0
TERRA ENDINS CB VILATORRADA Equipo,Jornada 08,1.0,200.0,66.0,16.0,33.0,0.48,8.0,21.0,0.38,10.0,17.0,0.59,0.0,0.0,0.0,0.0,0.0,0.0,0.0,0.0,0.0,17.0,0.0,0.0,TERRA ENDINS CB VILATORRADA,VEDRUNA GRACIA A,True,4.0
TERRA ENDINS CB VILATORRADA Equipo,Jornada 09,1.0,200.0,59.0,14.0,30.0,0.47,6.0,29.0,0.21,13.0,22.0,0.59,0.0,0.0,0.0,0.0,0.0,0.0,0.0,0.0,0.0,26.0,0.0,0.0,PUJOL CB MOLLERUSSA,TERRA ENDINS CB VILATORRADA,False,-3.0
TERRA ENDINS CB VILATORRADA Equipo,Jornada 10,1.0,200.0,76.0,18.0,39.0,0.46,8.0,26.0,0.31,16.0,28.0,0.57,0.0,0.0,0.0,0.0,0.0,0.0,0.0,0.0,0.0,15.0,0.0,0.0,LA SALLE MANRESA S.GOL,TERRA ENDINS CB VILATORRADA,True,3.0
TERRA ENDINS CB VILATORRADA Equipo,Jornada 10,1.0,200.0,63.0,20.0,40.0,0.5,5.0,26.0,0.19,8.0,16.0,0.5,0.0,0.0,0.0,0.0,0.0,0.0,0.0,0.0,0.0,19.0,0.0,0.0,TERRA ENDINS CB VILATORRADA,NOU BASQUET OLESA A,False,-5.0
TERRA ENDINS CB VILATORRADA Equipo,Jornada 12,1.0,200.0,78.0,17.0,37.0,0.46,10.0,29.0,0.34,14.0,21.0,0.67,0.0,0.0,0.0,0.0,0.0,0.0,0.0,0.0,0.0,22.0,0.0,0.0,TERRA ENDINS CB VILATORRADA,BASQUET MOLINS,True,12.0
TERRA ENDINS CB VILATORRADA Equipo Rival,Jornada 01,1.0,200.0,70.0,12.0,26.0,0.46,11.0,28.0,0.39,13.0,20.0,0.65,0.0,0.0,0.0,0.0,0.0,0.0,0.0,0.0,0.0,19.0,0.0,0.0,GRUP VIA - CB ARTES,TERRA ENDINS CB VILATORRADA,False,-3.0
TERRA ENDINS CB VILATORRADA Equipo Rival,Jornada 02,1.0,200.0,68.0,19.0,42.0,0.45,6.0,28.0,0.21,12.0,23.0,0.52,0.0,0.0,0.0,0.0,0.0,0.0,0.0,0.0,0.0,32.0,0.0,0.0,COCHESINTERNET.NET CB ALPICAT,TERRA ENDINS CB VILATORRADA,False,-7.0
TERRA ENDINS CB VILATORRADA Equipo Rival,Jornada 02,1.0,200.0,75.0,25.0,41.0,0.61,3.0,25.0,0.12,16.0,24.0,0.67,0.0,0.0,0.0,0.0,0.0,0.0,0.0,0.0,0.0,17.0,0.0,0.0,TERRA ENDINS CB VILATORRADA,SD ESPANYOL,True,9.0
TERRA ENDINS CB VILATORRADA Equipo Rival,Jornada 04,1.0,200.0,101.0,13.0,28.0,0.46,22.0,45.0,0.49,9.0,16.0,0.56,0.0,0.0,0.0,0.0,0.0,0.0,0.0,0.0,0.0,22.0,0.0,0.0,TERRA ENDINS CB VILATORRADA,C.B.CASTELLAR A,True,14.0
TERRA ENDINS CB VILATORRADA Equipo Rival,Jornada 05,1.0,200.0,79.0,22.0,37.0,0.59,6.0,20.0,0.3,17.0,25.0,0.68,0.0,0.0,0.0,0.0,0.0,0.0,0.0,0.0,0.0,20.0,0.0,0.0,TERRA ENDINS CB VILATORRADA,LLUISOS DE GRACIA A - VERDI SUBMINISTRAMENTS,True,18.0
TERRA ENDINS CB VILATORRADA Equipo Rival,Jornada 06,1.0,200.0,59.0,13.0,32.0,0.41,9.0,25.0,0.36,6.0,13.0,0.46,0.0,0.0,0.0,0.0,0.0,0.0,0.0,0.0,0.0,24.0,0.0,0.0,CLUB NATACIO TERRASSA A,TERRA ENDINS CB VILATORRADA,False,-6.0
TERRA ENDINS CB VILATORRADA Equipo Rival,Jornada 06,1.0,200.0,76.0,21.0,40.0,0.53,7.0,24.0,0.29,13.0,24.0,0.54,0.0,0.0,0.0,0.0,0.0,0.0,0.0,0.0,0.0,26.0,0.0,0.0,TERRA ENDINS CB VILATORRADA,CB IPSI A,True,19.0
TERRA ENDINS CB VILATORRADA Equipo Rival,Jornada 08,1.0,200.0,62.0,16.0,31.0,0.52,8.0,27.0,0.3,6.0,12.0,0.5,0.0,0.0,0.0,0.0,0.0,0.0,0.0,0.0,0.0,20.0,0.0,0.0,VEDRUNA GRACIA A,TERRA ENDINS CB VILATORRADA,False,-4.0
TERRA ENDINS CB VILATORRADA Equipo Rival,Jornada 09,1.0,200.0,62.0,13.0,35.0,0.37,7.0,25.0,0.28,15.0,26.0,0.58,0.0,0.0,0.0,0.0,0.0,0.0,0.0,0.0,0.0,24.0,0.0,0.0,TERRA ENDINS CB VILATORRADA,PUJOL CB MOLLERUSSA,True,3.0
TERRA ENDINS CB VILATORRADA Equipo Rival,Jornada 10,1.0,200.0,68.0,20.0,36.0,0.56,6.0,20.0,0.3,10.0,17.0,0.59,0.0,0.0,0.0,0.0,0.0,0.0,0.0,0.0,0.0,18.0,0.0,0.0,NOU BASQUET OLESA A,TERRA ENDINS CB VILATORRADA,True,5.0
TERRA ENDINS CB VILATORRADA Equipo Rival,Jornada 10,1.0,200.0,73.0,19.0,40.0,0.47,8.0,33.0,0.24,11.0,16.0,0.69,0.0,0.0,0.0,0.0,0.0,0.0,0.0,0.0,0.0,18.0,0.0,0.0,TERRA ENDINS CB VILATORRADA,LA SALLE MANRESA S.GOL,False,-3.0
TERRA ENDINS CB VILATORRADA Equipo Rival,Jornada 12,1.0,200.0,66.0,19.0,33.0,0.58,4.0,18.0,0.22,16.0,28.0,0.57,0.0,0.0,0.0,0.0,0.0,0.0,0.0,0.0,0.0,18.0,0.0,0.0,BASQUET MOLINS,TERRA ENDINS CB VILATORRADA,False,-12.0
VEDRUNA GRACIA A Equipo,Jornada 01,1.0,200.0,74.0,16.0,31.0,0.52,9.0,26.0,0.35,15.0,23.0,0.65,0.0,0.0,0.0,0.0,0.0,0.0,0.0,0.0,0.0,16.0,0.0,0.0,VEDRUNA GRACIA A,LA SALLE MANRESA S.GOL,True,7.0
VEDRUNA GRACIA A Equipo,Jornada 02,1.0,200.0,78.0,19.0,34.0,0.56,8.0,35.0,0.23,16.0,26.0,0.62,0.0,0.0,0.0,0.0,0.0,0.0,0.0,0.0,0.0,21.0,0.0,0.0,BASQUET MOLINS,VEDRUNA GRACIA A,True,19.0
VEDRUNA GRACIA A Equipo,Jornada 03,1.0,200.0,79.0,18.0,38.0,0.47,7.0,25.0,0.28,22.0,30.0,0.73,0.0,0.0,0.0,0.0,0.0,0.0,0.0,0.0,0.0,24.0,0.0,0.0,VEDRUNA GRACIA A,CLUB NATACIO SABADELL A,True,2.0
VEDRUNA GRACIA A Equipo,Jornada 04,1.0,200.0,44.0,16.0,42.0,0.38,1.0,20.0,0.05,9.0,13.0,0.69,0.0,0.0,0.0,0.0,0.0,0.0,0.0,0.0,0.0,20.0,0.0,0.0,GRUP VIA - CB ARTES,VEDRUNA GRACIA A,False,-18.0
VEDRUNA GRACIA A Equipo,Jornada 05,1.0,200.0,81.0,18.0,28.0,0.64,11.0,25.0,0.44,12.0,15.0,0.8,0.0,0.0,0.0,0.0,0.0,0.0,0.0,0.0,0.0,25.0,0.0,0.0,VEDRUNA GRACIA A,SD ESPANYOL,True,1.0
VEDRUNA GRACIA A Equipo,Jornada 06,1.0,200.0,61.0,13.0,35.0,0.37,8.0,25.0,0.32,11.0,19.0,0.58,0.0,0.0,0.0,0.0,0.0,0.0,0.0,0.0,0.0,20.0,0.0,0.0,COCHESINTERNET.NET CB ALPICAT,VEDRUNA GRACIA A,False,-18.0
VEDRUNA GRACIA A Equipo,Jornada 07,1.0,200.0,77.0,22.0,35.0,0.63,6.0,25.0,0.24,15.0,24.0,0.62,0.0,0.0,0.0,0.0,0.0,0.0,0.0,0.0,0.0,17.0,0.0,0.0,VEDRUNA GRACIA A,C.B.CASTELLAR A,True,2.0
VEDRUNA GRACIA A Equipo,Jornada 08,1.0,200.0,62.0,16.0,31.0,0.52,8.0,27.0,0.3,6.0,12.0,0.5,0.0,0.0,0.0,0.0,0.0,0.0,0.0,0.0,0.0,20.0,0.0,0.0,TERRA ENDINS CB VILATORRADA,VEDRUNA GRACIA A,False,-4.0
VEDRUNA GRACIA A Equipo,Jornada 09,1.0,200.0,65.0,15.0,20.0,0.75,6.0,26.0,0.23,17.0,27.0,0.63,0.0,0.0,0.0,0.0,0.0,0.0,0.0,0.0,0.0,32.0,0.0,0.0,CB IPSI A,VEDRUNA GRACIA A,True,14.0
VEDRUNA GRACIA A Equipo,Jornada 09,1.0,200.0,69.0,14.0,28.0,0.5,9.0,27.0,0.33,14.0,21.0,0.67,0.0,0.0,0.0,0.0,0.0,0.0,0.0,0.0,0.0,22.0,0.0,0.0,VEDRUNA GRACIA A,CLUB NATACIO TERRASSA A,True,8.0
VEDRUNA GRACIA A Equipo,Jornada 11,1.0,200.0,76.0,17.0,32.0,0.53,10.0,29.0,0.34,12.0,15.0,0.8,0.0,0.0,0.0,0.0,0.0,0.0,0.0,0.0,0.0,23.0,0.0,0.0,VEDRUNA GRACIA A,PUJOL CB MOLLERUSSA,True,9.0
VEDRUNA GRACIA A Equipo,Jornada 11,1.0,200.0,54.0,13.0,38.0,0.34,5.0,25.0,0.2,13.0,23.0,0.57,0.0,0.0,0.0,0.0,0.0,0.0,0.0,0.0,0.0,27.0,0.0,0.0,LLUISOS DE GRACIA A - VERDI SUBMINISTRAMENTS,VEDRUNA GRACIA A,False,-33.0
VEDRUNA GRACIA A Equipo Rival,Jornada 01,1.0,200.0,67.0,18.0,31.0,0.58,8.0,28.0,0.29,7.0,10.0,0.7,0.0,0.0,0.0,0.0,0.0,0.0,0.0,0.0,0.0,24.0,0.0,0.0,LA SALLE MANRESA S.GOL,VEDRUNA GRACIA A,False,-7.0
VEDRUNA GRACIA A Equipo Rival,Jornada 02,1.0,200.0,59.0,12.0,40.0,0.3,9.0,27.0,0.33,8.0,13.0,0.62,0.0,0.0,0.0,0.0,0.0,0.0,0.0,0.0,0.0,24.0,0.0,0.0,VEDRUNA GRACIA A,BASQUET MOLINS,False,-19.0
VEDRUNA GRACIA A Equipo Rival,Jornada 03,1.0,200.0,77.0,20.0,31.0,0.65,8.0,25.0,0.32,13.0,20.0,0.65,0.0,0.0,0.0,0.0,0.0,0.0,0.0,0.0,0.0,26.0,0.0,0.0,CLUB NATACIO SABADELL A,VEDRUNA GRACIA A,False,-2.0
VEDRUNA GRACIA A Equipo Rival,Jornada 04,1.0,200.0,62.0,17.0,37.0,0.46,5.0,24.0,0.21,13.0,25.0,0.52,0.0,0.0,0.0,0.0,0.0,0.0,0.0,0.0,0.0,21.0,0.0,0.0,VEDRUNA GRACIA A,GRUP VIA - CB ARTES,True,18.0
VEDRUNA GRACIA A Equipo Rival,Jornada 05,1.0,200.0,80.0,22.0,40.0,0.55,7.0,19.0,0.37,15.0,26.0,0.58,0.0,0.0,0.0,0.0,0.0,0.0,0.0,0.0,0.0,24.0,0.0,0.0,SD ESPANYOL,VEDRUNA GRACIA A,False,-1.0
VEDRUNA GRACIA A Equipo Rival,Jornada 06,1.0,200.0,79.0,25.0,48.0,0.52,6.0,26.0,0.23,11.0,16.0,0.69,0.0,0.0,0.0,0.0,0.0,0.0,0.0,0.0,0.0,23.0,0.0,0.0,VEDRUNA GRACIA A,COCHESINTERNET.NET CB ALPICAT,True,18.0
VEDRUNA GRACIA A Equipo Rival,Jornada 07,1.0,200.0,75.0,18.0,29.0,0.62,11.0,37.0,0.3,6.0,7.0,0.86,0.0,0.0,0.0,0.0,0.0,0.0,0.0,0.0,0.0,21.0,0.0,0.0,C.B.CASTELLAR A,VEDRUNA GRACIA A,False,-2.0
VEDRUNA GRACIA A Equipo Rival,Jornada 08,1.0,200.0,66.0,16.0,33.0,0.48,8.0,21.0,0.38,10.0,17.0,0.59,0.0,0.0,0.0,0.0,0.0,0.0,0.0,0.0,0.0,17.0,0.0,0.0,VEDRUNA GRACIA A,TERRA ENDINS CB VILATORRADA,True,4.0
VEDRUNA GRACIA A Equipo Rival,Jornada 09,1.0,200.0,51.0,15.0,49.0,0.31,2.0,30.0,0.07,15.0,33.0,0.45,0.0,0.0,0.0,0.0,0.0,0.0,0.0,0.0,0.0,24.0,0.0,0.0,VEDRUNA GRACIA A,CB IPSI A,False,-14.0
VEDRUNA GRACIA A Equipo Rival,Jornada 09,1.0,200.0,61.0,19.0,43.0,0.44,3.0,17.0,0.18,14.0,22.0,0.64,0.0,0.0,0.0,0.0,0.0,0.0,0.0,0.0,0.0,21.0,0.0,0.0,CLUB NATACIO TERRASSA A,VEDRUNA GRACIA A,False,-8.0
VEDRUNA GRACIA A Equipo Rival,Jornada 11,1.0,200.0,67.0,17.0,40.0,0.42,6.0,24.0,0.25,15.0,20.0,0.75,0.0,0.0,0.0,0.0,0.0,0.0,0.0,0.0,0.0,16.0,0.0,0.0,PUJOL CB MOLLERUSSA,VEDRUNA GRACIA A,False,-9.0
VEDRUNA GRACIA A Equipo Rival,Jornada 11,1.0,200.0,87.0,24.0,44.0,0.55,6.0,18.0,0.33,21.0,33.0,0.64,0.0,0.0,0.0,0.0,0.0,0.0,0.0,0.0,0.0,27.0,0.0,0.0,VEDRUNA GRACIA A,LLUISOS DE GRACIA A - VERDI SUBMINISTRAMENTS,True,33.0
